/*!40101 SET NAMES utf8 */;
/*!40014 SET FOREIGN_KEY_CHECKS=0 */;
/*!40101 SET SQL_MODE='NO_AUTO_VALUE_ON_ZERO' */;
/*!40111 SET SQL_NOTES=0 */;
DROP TABLE IF EXISTS categories;
CREATE TABLE `categories` (
  `id` int NOT NULL AUTO_INCREMENT,
  `name` varchar(255) CHARACTER SET utf8mb3 COLLATE utf8mb3_general_ci NOT NULL,
  `icon` varchar(255) CHARACTER SET utf8mb3 DEFAULT NULL,
  `code` varchar(255) CHARACTER SET utf8mb3 NOT NULL,
  PRIMARY KEY (`id`)
) ENGINE=InnoDB AUTO_INCREMENT=13 DEFAULT CHARSET=utf8mb4 COLLATE=utf8mb4_0900_ai_ci;

DROP TABLE IF EXISTS courses;
CREATE TABLE `courses` (
  `id` int NOT NULL AUTO_INCREMENT,
  `name` varchar(255) CHARACTER SET utf8mb3 COLLATE utf8mb3_general_ci NOT NULL,
  `category_id` int NOT NULL,
  `level_id` int NOT NULL,
  `new_course` tinyint NOT NULL DEFAULT '1',
  `popular_course` tinyint NOT NULL DEFAULT '0',
  `price` double DEFAULT NULL,
  `sale_price` double DEFAULT '0',
  `description` text CHARACTER SET utf8mb4 COLLATE utf8mb4_0900_ai_ci,
  `teacher_id` int NOT NULL,
  `is_delete` tinyint(1) unsigned zerofill NOT NULL DEFAULT '0',
  `slug` varchar(255) NOT NULL,
  PRIMARY KEY (`id`),
  KEY `fk_courses_categories_idx` (`category_id`),
  KEY `fk_courses_levels1_idx` (`level_id`),
  CONSTRAINT `fk_courses_categories` FOREIGN KEY (`category_id`) REFERENCES `categories` (`id`),
  CONSTRAINT `fk_courses_levels1` FOREIGN KEY (`level_id`) REFERENCES `levels` (`id`)
) ENGINE=InnoDB AUTO_INCREMENT=54 DEFAULT CHARSET=utf8mb4 COLLATE=utf8mb4_0900_ai_ci;

DROP TABLE IF EXISTS levels;
CREATE TABLE `levels` (
  `id` int NOT NULL AUTO_INCREMENT,
  `value` varchar(30) CHARACTER SET utf8mb3 COLLATE utf8mb3_general_ci NOT NULL,
  `code` varchar(255) CHARACTER SET utf8mb3 NOT NULL,
  PRIMARY KEY (`id`)
) ENGINE=InnoDB AUTO_INCREMENT=5 DEFAULT CHARSET=utf8mb4 COLLATE=utf8mb4_0900_ai_ci;

DROP TABLE IF EXISTS news;
CREATE TABLE `news` (
  `id` int unsigned NOT NULL AUTO_INCREMENT,
  `title` text NOT NULL,
  `author` text NOT NULL,
  `created_date` date NOT NULL,
  `special_news` tinyint NOT NULL,
  `content` text NOT NULL,
  `img_url` varchar(255) DEFAULT NULL,
  PRIMARY KEY (`id`)
) ENGINE=InnoDB AUTO_INCREMENT=8 DEFAULT CHARSET=utf8mb4 COLLATE=utf8mb4_0900_ai_ci;

DROP TABLE IF EXISTS teachers;
CREATE TABLE `teachers` (
  `id` int NOT NULL AUTO_INCREMENT,
  `name` varchar(255) NOT NULL,
  `avatar` varchar(255) DEFAULT NULL,
  `category_id` int NOT NULL,
  PRIMARY KEY (`id`),
  KEY `category_id` (`category_id`),
  CONSTRAINT `teachers_ibfk_1` FOREIGN KEY (`category_id`) REFERENCES `categories` (`id`)
) ENGINE=InnoDB AUTO_INCREMENT=4 DEFAULT CHARSET=utf8mb4 COLLATE=utf8mb4_0900_ai_ci;

DROP TABLE IF EXISTS thumbnails;
CREATE TABLE `thumbnails` (
  `id` int NOT NULL AUTO_INCREMENT,
  `img` varchar(255) CHARACTER SET utf8mb3 DEFAULT NULL,
  `course_id` int NOT NULL,
  PRIMARY KEY (`id`),
  KEY `fk_thumbnails_courses1_idx` (`course_id`),
  CONSTRAINT `fk_thumbnails_courses1` FOREIGN KEY (`course_id`) REFERENCES `courses` (`id`)
) ENGINE=InnoDB AUTO_INCREMENT=570 DEFAULT CHARSET=utf8mb4 COLLATE=utf8mb4_0900_ai_ci;

DROP TABLE IF EXISTS users;
CREATE TABLE `users` (
  `id` int NOT NULL AUTO_INCREMENT,
  `username` varchar(255) CHARACTER SET utf8mb3 NOT NULL,
  `password` text CHARACTER SET utf8mb3 COLLATE utf8mb3_general_ci,
  `created_at` datetime DEFAULT NULL,
  `updated_at` datetime DEFAULT NULL,
  `first_name` varchar(255) CHARACTER SET utf8mb3 NOT NULL,
  `last_name` varchar(255) CHARACTER SET utf8mb3 DEFAULT NULL,
  `phone` char(12) CHARACTER SET utf8mb3 DEFAULT NULL,
  `login_type` varchar(10) CHARACTER SET utf8mb3 DEFAULT 'normal',
  `avatar` varchar(255) CHARACTER SET utf8mb3 DEFAULT NULL,
  `email_verified` tinyint NOT NULL DEFAULT '0',
  PRIMARY KEY (`id`)
) ENGINE=InnoDB AUTO_INCREMENT=72 DEFAULT CHARSET=utf8mb4 COLLATE=utf8mb4_0900_ai_ci;

DROP TABLE IF EXISTS verify_emails;
CREATE TABLE `verify_emails` (
  `id` int NOT NULL AUTO_INCREMENT COMMENT 'Primary Key',
  `user_id` int NOT NULL,
  `remember_token` varchar(255) CHARACTER SET utf8mb3 NOT NULL,
  `expires` int NOT NULL DEFAULT '180',
  PRIMARY KEY (`id`),
  KEY `user_id` (`user_id`),
  CONSTRAINT `verify_emails_ibfk_1` FOREIGN KEY (`user_id`) REFERENCES `users` (`id`)
) ENGINE=InnoDB AUTO_INCREMENT=40 DEFAULT CHARSET=utf8mb4 COLLATE=utf8mb4_0900_ai_ci;

INSERT INTO categories(id,name,icon,code) VALUES('1','\'Kỹ năng ngoại ngữ\'','\'/static/imgs/categories/language.webp\'','\'language\''),('2','\'Phát triển bản thân\'','\'/static/imgs/categories/development.webp\'','\'self-development\''),('3','\'Sales, bán hàng\'','\'/static/imgs/categories/sales.webp\'','\'sales\''),('4','\'Phong cách sống\'','\'/static/imgs/categories/life.webp\'','\'life\''),('5','\'Thiết kế đồ hoạ\'','\'/static/imgs/categories/graphic.webp\'','\'graphics\''),('6','\'Tin học văn phòng\'','\'/static/imgs/categories/computer.webp\'','\'computer\''),('7','\'Công nghệ thông tin\'','\'/static/imgs/categories/it.webp\'','\'it\''),('8','\'Nhiếp ảnh, quay phim\'','\'/static/imgs/categories/video.webp\'','\'camera\''),('9','\'Marketing\'','\'/static/imgs/categories/marketing.webp\'','\'marketing\''),('10','\'Kinh doanh khởi nghiệp\'','\'/static/imgs/categories/startup.webp\'','\'startup\''),('11','\'Sức khoẻ - Giới tính\'','\'/static/imgs/categories/health.webp\'','\'health\''),('12','\'Gia đình\'','\'/static/imgs/categories/family.webp\'','\'family\'');

INSERT INTO courses(id,name,category_id,level_id,new_course,popular_course,price,sale_price,description,teacher_id,is_delete,slug) VALUES('1','\'Hướng dẫn sử dụng Illutrator cho người mới bắt đầu\'','7','1','1','1','1200000','700000','X\'3c703e3c7370616e207374796c653d22666f6e742d73697a653a20313470743b223e496c6c7573747261746f72266e6273703b63266f61637574653b206ce1babd206c266167726176653b207068e1baa76e206de1bb816d20c491e1bb932068e1bb8d6120766563746f72207068e1bb95206269e1babf6e206e68e1baa5742074722665636972633b6e207468e1babf206769e1bb9b692c2068e1baa7752068e1babf742063266161637574653b632044657369676e65722074722665636972633b6e207468e1babf206769e1bb9b69206c266167726176653b6d2076e1bb8120c491e1bb932068e1bb8d6120c491e1bb81752073e1bbad2064e1bba56e67207068e1baa76e206de1bb816d206e266167726176653b792e3c2f7370616e3e3c2f703e0d0a3c703e3c7370616e207374796c653d22666f6e742d73697a653a20313470743b223e43266f61637574653b207468e1bb83206e266f61637574653b69206ee1babf752062e1baa16e206d75e1bb916e20676961206e68e1baad70206c266167726176653b6e6720746869e1babf74206be1babf20c491e1bb932068e1bb8d612062e1baa16e206275e1bb9963207068e1baa3692068e1bb8d632076266167726176653b207468266167726176653b6e68207468e1baa16f207068e1baa76e206de1bb816d206e266167726176653b792e3c2f7370616e3e3c2f703e0d0a3c703e3c7370616e207374796c653d22666f6e742d73697a653a20313470743b223e48e1baa775206e68c6b0206de1bb8d692063266f636972633b6e67207479207175e1baa36e672063266161637574653b6f2074727579e1bb816e207468266f636972633b6e672c20696e20e1baa56e2c20746869e1babf74206be1babf207765622668656c6c69703b20e1bb9f205669e1bb8774204e616d20c491e1bb81752073e1bbad2064e1bba56e67207068e1baa76e206de1bb816d206e266167726176653b792e2056266167726176653b206b686920747579e1bb836e2064e1bba56e67207468266967726176653b206be1bbb9206ec4836e672073e1bbad2064e1bba56e67207468266167726176653b6e68207468e1baa16f207068e1baa76e206de1bb816d20746869e1babf74206be1babf20c491e1bb932068e1bb8d6120636875792665636972633b6e206e676869e1bb877020496c6c7573747261746f72206c266167726176653b206de1bb997420792665636972633b752063e1baa7752062e1baaf74206275e1bb99632063e1bba7612063266161637574653b63206e68266167726176653b20747579e1bb836e2064e1bba56e672e3c2f7370616e3e3c2f703e0d0a3c703e3c7370616e207374796c653d22666f6e742d73697a653a20313470743b223e4769266161637574653b6f207472266967726176653b6e6820496c6c7573747261746f72206c266167726176653b2074266167726176653b69206c69e1bb87752068c6b0e1bb9b6e672064e1baab6e2068e1bb8d6320496c6c7573747261746f722068e1bbaf7520266961637574653b63682063686f206e67c6b0e1bb9d69206de1bb9b692062e1baaf7420c491e1baa7753c2f7370616e3e3c2f703e0d0a3c703e3c7370616e207374796c653d22666f6e742d73697a653a20313470743b223e5468e1bb9d69206275e1bb95692063266f636972633b6e67206e6768e1bb8720342e30206e68c6b0206869e1bb876e206e6179207468266967726176653b2063266f61637574653b2072e1baa574206e6869e1bb81752063266161637574653b63207068c6b0c6a16e67207068266161637574653b702068e1bb8d632074e1baad70206e68c6b03a3c2f7370616e3e3c2f703e0d0a3c756c3e0d0a3c6c69207374796c653d22666f6e742d73697a653a20313470743b223e3c7370616e207374796c653d22666f6e742d73697a653a20313470743b223e48e1bb8d63207472e1bbb163207469e1babf7020717561206769266161637574653b6f2076692665636972633b6e2062e1bb99206d266f636972633b6e3c2f7370616e3e3c2f6c693e0d0a3c6c69207374796c653d22666f6e742d73697a653a20313470743b223e3c7370616e207374796c653d22666f6e742d73697a653a20313470743b223e48e1bb8d63206f6e6c696e652071756120766964656f3c2f7370616e3e3c2f6c693e0d0a3c6c69207374796c653d22666f6e742d73697a653a20313470743b223e3c7370616e207374796c653d22666f6e742d73697a653a20313470743b223e48e1bb8d632074722665636972633b6e20596f75747562653c2f7370616e3e3c2f6c693e0d0a3c6c69207374796c653d22666f6e742d73697a653a20313470743b223e3c7370616e207374796c653d22666f6e742d73697a653a20313470743b223e48e1bb8d63207175612073266161637574653b63682068c6b0e1bb9b6e672064e1baab6e2668656c6c69703b3c2f7370616e3e3c2f6c693e0d0a3c2f756c3e0d0a3c703e3c7370616e207374796c653d22666f6e742d73697a653a20313470743b223e43686f2064267567726176653b2062e1baa16e20c491616e67207468656f2068e1bb8d632076e1bb9b692068266967726176653b6e68207468e1bba963206e266167726176653b6f20c49169206ee1bbaf61207468266967726176653b207669e1bb8763206be1babf742068e1bba3702063266161637574653b632068266967726176653b6e68207468e1bba96320c491266f61637574653b2076e1bb9b692062e1bb99206769266161637574653b6f207472266967726176653b6e68206d266f636972633b6e2068e1bb8d632073e1babd20c491656d20c491e1babf6e2063686f2062e1baa16e206869e1bb8775207175e1baa32063616f2074726f6e67207669e1bb87632068e1bb8d632e3c2f7370616e3e3c2f703e0d0a3c703e3c7370616e207374796c653d22666f6e742d73697a653a20313470743b223e56266967726176653b2074266961637574653b6e68206368e1baa5742063e1bba761206769266161637574653b6f207472266967726176653b6e68206c266167726176653b2062266161637574653b6d2073266161637574653b74206368c6b0c6a16e67207472266967726176653b6e6820c491266167726176653b6f2074e1baa16f2c20c491e1baa36d2062e1baa36f2074266961637574653b6e682068e1bb87207468e1bb916e672c2074266961637574653b6e6820e1bba96e672064e1bba56e672c2074266961637574653b6e682063c6a12062e1baa36e2076266167726176653b2074266961637574653b6e68206368266961637574653b6e682078266161637574653b632e3c2f7370616e3e3c2f703e\'','1','0','\'huong-dan-su-dung-illutrator-cho-nguoi-moi-bat-đau\''),('2','\'Học Adobe Illustrator từ cơ bản đến nâng cao\'','8','2','1','1','1200000','600000','X\'3c703e3c7370616e207374796c653d22666f6e742d73697a653a20313470743b223ef09f8ea8204368266167726176653b6f206de1bbab6e672062e1baa16e20c491e1babf6e2076e1bb9b69206b686f266161637574653b2068e1bb8d63202248e1bb8d632041646f626520496c6c7573747261746f722074e1bbab2043c6a12042e1baa36e20c491e1babf6e204e2661636972633b6e672043616f22202d2068266167726176653b6e68207472266967726176653b6e682068e1bb8d632074e1baad7020c491e1baa7792068e1bba96e67207468267561637574653b20c491e1bb83206b68266161637574653b6d207068266161637574653b2076266167726176653b206c266167726176653b6d206368e1bba7206de1bb99742074726f6e67206e68e1bbaf6e672063266f636972633b6e672063e1bba520746869e1babf74206be1babf20c491e1bb932068e1bb8d61206de1baa16e68206de1babd206e68e1baa5742e3c2f7370616e3e3c2f703e0d0a3c703e3c7370616e207374796c653d22666f6e742d73697a653a20313470743b223ef09f8c9f20c49069e1bb836d206ee1bb95692062e1baad742063e1bba761206b686f266161637574653b2068e1bb8d633a3c2f7370616e3e3c2f703e0d0a3c756c3e0d0a3c6c69207374796c653d22666f6e742d73697a653a20313470743b223e3c7370616e207374796c653d22666f6e742d73697a653a20313470743b223ef09f968cefb88f203c7374726f6e673e43c6a12042e1baa36e2063686f204e67c6b0e1bb9d69204de1bb9b692042e1baaf7420c490e1baa7753a3c2f7374726f6e673e2042e1baa16e2073e1babd2062e1baaf7420c491e1baa7752076e1bb9b69206e68e1bbaf6e67206b69e1babf6e207468e1bba9632063c6a12062e1baa36e2076e1bb81206769616f206469e1bb876e2c2063266f636972633b6e672063e1bba52c2076266167726176653b2063266161637574653b63206be1bbb920746875e1baad742076e1babd20c491c6a16e206769e1baa36e2e3c2f7370616e3e3c2f6c693e0d0a3c6c69207374796c653d22666f6e742d73697a653a20313470743b223e3c7370616e207374796c653d22666f6e742d73697a653a20313470743b223ef09f9a80203c7374726f6e673e546869e1babf74204be1babf20566563746f72204869e1bb8775205175e1baa33a3c2f7374726f6e673e2048e1bb8d632063266161637574653b63682074e1baa16f207261206e68e1bbaf6e672068266967726176653b6e6820e1baa36e6820766563746f72206368e1baa574206cc6b0e1bba36e672063616f2c206c696e6820686fe1baa1742076266167726176653b2063266f61637574653b207468e1bb83207068266f61637574653b6e6720746f206d266167726176653b206b68266f636972633b6e67206c266167726176653b6d206de1baa574206368e1baa574206cc6b0e1bba36e672e3c2f7370616e3e3c2f6c693e0d0a3c6c69207374796c653d22666f6e742d73697a653a20313470743b223e3c7370616e207374796c653d22666f6e742d73697a653a20313470743b223ef09f8c90203c7374726f6e673e4c266167726176653b6d205669e1bb87632076e1bb9b6920546578742076266167726176653b205479706f6772617068793a3c2f7374726f6e673e204e2661636972633b6e672063616f206be1bbb9206ec4836e672063e1bba7612062e1baa16e2074726f6e67207669e1bb87632073266161637574653b6e672074e1baa16f2076e1bb9b692076c4836e2062e1baa36e2c20666f6e74206368e1bbaf2c2076266167726176653b206b69e1bb8375206368e1bbaf2e3c2f7370616e3e3c2f6c693e0d0a3c6c69207374796c653d22666f6e742d73697a653a20313470743b223e3c7370616e207374796c653d22666f6e742d73697a653a20313470743b223ef09f8ea8203c7374726f6e673e4869e1bb83752052266f74696c64653b2076e1bb81204d266167726176653b752053e1baaf632076266167726176653b204772616469656e743a3c2f7374726f6e673e2048e1bb8d632063266161637574653b63682073e1bbad2064e1bba56e67206d266167726176653b752073e1baaf632076266167726176653b206772616469656e7420c491e1bb832074e1baa16f207261206e68e1bbaf6e672074266161637574653b63207068e1baa96d206e6768e1bb8720746875e1baad742073e1bb912070686f6e672063266161637574653b63682076266167726176653b20e1baa56e2074c6b0e1bba36e672e3c2f7370616e3e3c2f6c693e0d0a3c6c69207374796c653d22666f6e742d73697a653a20313470743b223e3c7370616e207374796c653d22666f6e742d73697a653a20313470743b223ef09f9390203c7374726f6e673e517579205472266967726176653b6e68204c266167726176653b6d205669e1bb8763204869e1bb8775205175e1baa33a3c2f7374726f6e673e2054266967726176653b6d206869e1bb83752063266161637574653b63682074e1bb95206368e1bba9632064e1bbb120266161637574653b6e2c2073e1bbad2064e1bba56e67206c61796572732c2076266167726176653b206c266167726176653b6d207468e1babf206e266167726176653b6f20c491e1bb83206c266167726176653b6d207669e1bb8763206869e1bb8775207175e1baa32076e1bb9b692063266161637574653b632063266f636972633b6e672063e1bba5206b68266161637574653b63206e6861752063e1bba76120496c6c7573747261746f722e3c2f7370616e3e3c2f6c693e0d0a3c6c69207374796c653d22666f6e742d73697a653a20313470743b223e3c7370616e207374796c653d22666f6e742d73697a653a20313470743b223ef09f8c88203c7374726f6e673e4869e1bb877520e1bba86e672076266167726176653b2043266f636972633b6e672043e1bba5204e2661636972633b6e672043616f3a3c2f7374726f6e673e204b68266161637574653b6d207068266161637574653b2063266161637574653b63206869e1bb877520e1bba96e6720c491e1bab763206269e1bb87742c2062e1bb99206ce1bb8d632c2076266167726176653b2063266f636972633b6e672063e1bba5206e2661636972633b6e672063616f20c491e1bb832074e1baa16f207261206e68e1bbaf6e672074266161637574653b63207068e1baa96d20c491e1bb996320c491266161637574653b6f2076266167726176653b2073266161637574653b6e672074e1baa16f2e3c2f7370616e3e3c2f6c693e0d0a3c2f756c3e0d0a3c703e3c7370616e207374796c653d22666f6e742d73697a653a20313470743b223ef09f91a8267a776a3bf09f8fab2056e1bb9b692073e1bbb12068c6b0e1bb9b6e672064e1baab6e20636869207469e1babf742063e1bba76120636875792665636972633b6e206769612063266f61637574653b206b696e68206e676869e1bb876d2c2062e1baa16e2073e1babd207472e1baa36920717561206e68e1bbaf6e672062266167726176653b69206769e1baa36e67207468e1bbb1632068266167726176653b6e682076266167726176653b2064e1bbb120266161637574653b6e207468e1bbb1632074e1babf20c491e1bb8320266161637574653b702064e1bba56e67206b69e1babf6e207468e1bba963206e676179206ce1baad702074e1bba9632e3c2f7370616e3e3c2f703e0d0a3c703e3c7370616e207374796c653d22666f6e742d73697a653a20313470743b223ef09f8e9320c490e1bbab6e672062e1bb8f206ce1bba12063c6a12068e1bb9969207472e1bb9f207468266167726176653b6e6820636875792665636972633b6e2067696120496c6c7573747261746f722e20c490c4836e67206b267961637574653b206e67617920c491e1bb832062e1baaf7420c491e1baa7752068266167726176653b6e68207472266967726176653b6e682073266161637574653b6e672074e1baa16f2063e1bba7612062e1baa16e213c2f7370616e3e3c2f703e\'','1','0','\'hoc-adobe-illustrator-tu-co-ban-đen-nang-cao\''),('3','\'Khóa học Digital Paiting cơ bản cho người mới bắt đầu\'','4','3','1','1','2000000','1200000','X\'\'','1','0','\'khoa-hoc-digital-paiting-co-ban-cho-nguoi-moi-bat-đau\''),('4','\'Tiếng Nhật cơ bản\'','1','3','1','1','3000000','2400000','X\'\'','1','0','\'tieng-nhat-co-ban\''),('5','\'Tiếng Nhật nâng cao\'','1','2','1','1','6000000','5500000','X\'\'','1','0','\'tieng-nhat-nang-cao\''),('6','\'Khoá học TOEIC 450 điểm dành cho người mới bắt đầu\'','1','1','1','1','600000','300000','X\'\'','1','0','\'khoa-hoc-toeic-450-điem-danh-cho-nguoi-moi-bat-đau\''),('47','\'Khoá học lập trình web trên Udemy sử dụng Java Servlet\'','7','2','1','1','700000','400000','X\'3c703ec4902661636972633b79206c266167726176653b206d266f636972633b2074e1baa33c2f703e\'','1','0','\'khoa-hoc-lap-trinh-web-tren-udemy-su-dung-java-servlet\''),('48','\'Khóa học nấu ăn Á Âu - Lớp dạy nấu ăn Cơ Bản\'','12','1','1','1','800000','400000','X\'3c703ec4902661636972633b79206c266167726176653b206d266f636972633b2074e1baa33c2f703e\'','1','0','\'khoa-hoc-nau-an-a-au---lop-day-nau-an-co-ban\''),('49','\'Khóa Học Đàn Piano - Dạy Chơi Piano Cho Người Mới Bắt Đầu\'','4','1','1','1','1300000','900000','X\'3c703ec4902661636972633b79206c266167726176653b206d266f636972633b2074e1baa33c2f703e\'','1','0','\'khoa-hoc-đan-piano---day-choi-piano-cho-nguoi-moi-bat-đau\''),('50','\'Khoá học lập trình Laravel\'','7','2','1','1','1500000','1200000','X\'3c703ec4902661636972633b79206c266167726176653b206d266f636972633b2074e1baa33c2f703e\'','1','0','\'khoa-hoc-lap-trinh-laravel\''),('51','\'Khoá học Marketing căn bản\'','9','1','1','1','200000','80000','X\'3c703ec4902661636972633b79206c266167726176653b206d266f636972633b2074e1baa33c2f703e\'','2','0','\'khoa-hoc-marketing-can-ban\''),('52','\'Cách lên ý tưởng thiết kế logo chuyên nghiệp\'','5','2','1','1','500000','300000','X\'3c703ec4902661636972633b79206c266167726176653b206d266f636972633b2074e1baa33c2f703e\'','3','0','\'cach-len-y-tuong-thiet-ke-logo-chuyen-nghiep\''),('53','\'Khoá học thiết kế đồ hoạ chuyên nghiệp\'','5','2','1','1','2000000','1800000','X\'3c703ec4902661636972633b79206c266167726176653b206d266f636972633b2074e1baa33c2f703e\'','3','0','\'\'');

INSERT INTO levels(id,value,code) VALUES('1','\'Cơ Bản\'','\'ez\''),('2','\'Nâng cao\'','\'hard\''),('3','\'Mọi cấp độ\'','\'every\'');

INSERT INTO news(id,title,author,created_date,special_news,content,img_url) VALUES('1','X\'4b696e68206e676869e1bb876d20746869e1babf74206be1babf2077656273697465206dc3a02062e1baa16e206ec3aa6e206269e1babf7420c3ad74206e68e1baa5742031206ce1baa76e2074726f6e6720c491e1bb9d69\'','X\'4e677579e1bb856e204e67e1bb8d632044c5a96e67\'','\'2023-12-03\'','1','X\'312e2044e1bb852064692063687579e1bb836e2c2064e1bb8520c491e1bb8d630a0a4de1bb99742068e1bb87207468e1bb916e672064692063687579e1bb836e2072c3b52072c3a06e672c207472e1bbb163207175616e206769c3ba70206b68c3a163682068c3a06e672063c3b3207468e1bb832074c3ac6d206b69e1babf6d207468c3b46e672074696e2064e1bb852064c3a06e67206e68e1baa5742076c3a02068c3a069206cc3b26e67206e68e1baa5742e204e68e1bbaf6e67206c69c3aa6e206be1babf7420e1bb9f20c491e1baa775207472616e672f206375e1bb9169207472616e672073e1babd20c491c6b0e1bba363206869e1bb836e207468e1bb8b2064e1bb852064c3a06e672076c3a0206769c3ba70206e67c6b0e1bb9d692064c3b96e672063c3b32063c3a169206e68c3ac6e2062616f207175c3a1742c207469e1bb876e206ce1bba369206b68692073e1bbad2064e1bba56e672e2054e1bb89206ce1bb87206c69c3aa6e206be1babf742074e1bb9174206e68e1baa574206cc3a02020322d33206368e1bb952063c3b3206c69c3aa6e206be1babf742074726f6e67206de1bb9974207472616e672e0a0a322e2054e1baa16f2063c3a163206b686fe1baa36e67207472e1baaf6e670a0a4de1bb9974207472616e67207765622076e1bb9b6920746fc3a06e206368e1bbaf206cc3a0206368e1bbaf2073e1babd2068e1baa16e206368e1babf2076c3a0206cc3a06d2072e1bb9169206de1baaf74206e67c6b0e1bb9d692064c3b96e672074e1bbab20c491c3b3207468c3b46e672074696e206dc3a02062e1baa16e206d75e1bb916e2074727579e1bb816e20c491e1baa17420c491e1babf6e206e67c6b0e1bb9d692064c3b96e672063c5a96e672062e1bb8b2068e1baa16e206368e1babf2e2048c3a3792074e1baa16f207261206de1bb99742073e1bb91206b68c3b46e67206769616e207472e1baaf6e672e205669e1bb8763206ec3a0792073e1babd206769c3ba702063686f206e67c6b0e1bb9d692064c3b96e6720c491e1bba12072e1bb9169206de1baaf7420206769e1baa36e20636f6e206de1baaf742076c3a0206cc3a0206de1bb99742063c3b46e672063e1bba520c491e1bb83207068c3a26e2063686961206ee1bb99692064756e67207468e1bb83206869e1bb876e206e68e1bbaf6e67206ee1bb99692064756e6720717561207472e1bb8d6e672e0a0a332e2048c6b0e1bb9b6e6720c491e1babf6e206e67c6b0e1bb9d692064c3b96e670a4de1bb9769207472616e672077656220c491e1bb81752063c3b3206e68e1bbaf6e6720c491e1bb91692074c6b0e1bba36e67206b68c3a163206e6861752c2063c3a1206e68c3a26e20686fc3a1207472616e6720686fc3a1207468656f206e68c3b36d20c491e1bb91692074c6b0e1bba36e67206b68c3a163682068c3a06e67206368c3ad6e68206cc3a02063c3a16368206cc3a06d2063686f206e67c6b0e1bb9d692064c3b96e672074686fe1baa369206dc3a169207468e1baa3207468c3ad6368206cc6b0e1bb9b742076c3a02073e1bbad2064e1bba56e67207765622063e1bba7612062e1baa16e2e0a0a342e53e1baaf702078e1babf70207468656f206e68c3b36d0a0a4e68e1bbaf6e67206ee1bb99692064756e67206c69c3aa6e206e686175206ec3aa6e20c491e1bb832067e1baa76e206e68617520c491e1bb832062e1baa36f20c491e1baa36d2073616f2063686f207468c3b46e672074696e20c491c6b0e1bba3632074c3ac6d207468e1baa579206de1bb99742063c3a163682064e1bb852064c3a06e672e2048c3a37920c491e1bab774206e68e1bbaf6e67207468c3b46e672074696e207175616e207472e1bb8d6e67206e67616e67206e6861752063c3b96e67206de1bb9974207472616e672e204ec3b32073e1babd206769c3ba70206e6775e1bb9d692064c3b96e67207468656f2064c3b569207468c3b46e672074696e207472e1bbb163207175616e2068c6a16e2c2064e1bb852068c6a16e2e0a0a352e204e68e1baa574207175c3a16e0a0a4e68e1bbaf6e67207068e1baa76e2074e1bbad206769e1bb916e67206e686175207068e1baa3692063c3b32063c3b96e67207468616d2073e1bb9120746869e1babf74206be1babf206e68c6b0206e6861753a20c491e1bb8b6e682064e1baa16e672c20e1baa36e682c206dc3a075206ee1bb816e2c2063c3a163682062e1bb91207472c3ade280a62e204368e1bb89206ec3aa6e2064c3b96e6720322d34206b69e1bb8375206dc3a0752076c3a020666f6e742063686f206de1bb9974207472616e67207765622e0a0a362e2054696e2074e1bba963206e68616e680a0a4de1bba5632074696e2074e1bba963206e68616e68206368c3ad6e68206cc3a020c49169e1bb836d207175616e207472e1bb8d6e67207468752068c3ba742073e1bbb12071756179206ce1baa169207468c6b0e1bb9d6e6720787579c3aa6e2063e1bba761206e67c6b0e1bb9d692064c3b96e672e204ec3aa6e2063e1baad70206e68e1baad74207068e1baa76e206ec3a079206de1bb9769206e67c3a07920c491e1bb8320647579207472c3ac20c491e1bb99207468c4836d207669e1babf6e6720776562736974652063e1bba7612062e1baa16e2e0a0a372e204e68616e682c206e68e1bb8f0a0a54e1bb916320c491e1bb992074e1baa369206e68616e682c2064756e67206cc6b0e1bba36e6720e1baa36e68206e68e1bb8f2073e1babd206769c3ba70207472616e67207765622063e1bba7612062e1baa16e2074e1baa369206e68616e682068c6a16e2076c3a020c491c3a279206cc3a020c49169e1bb817520747579e1bb87742076e1bb9d69206b68692062e1baa16e206b68c3b46e672062e1baaf74206b68c3a163682068c3a06e67207068e1baa36920c491e1bba369206368e1bb9d2e0a0a382e2044e1bb852074727579206e68e1baad700a0a4de1bb9769206e67c6b0e1bb9d692064c3b96e67207468c3ac2063c3b3206de1bb9974207472c3ac6e6820647579e1bb8774206b68c3a163206e6861752c206de1bb99742068e1bb8720c49169e1bb81752068c3a06e68206b68c3a163206e686175206ec3aa6e2068c3a3792078c3a2792064e1bbb16e6720776562736974652063e1bba7612062e1baa16e20c491c3a17020e1bba96e6720c491c6b0e1bba363207472c3aa6e206de1bb8d69207472c3ac6e6820647579e1bb87742e0a0a392e204e677579c3aa6e2074e1baaf63206e68e1baa5702033206ce1baa76e0a0a4de1bb9769207468c3b46e672074696e2063e1bba761207472616e6720776562207068e1baa36920c491e1babf6e2076e1bb9b69206b68c3a163682068c3a06e67206b68c3b46e67207175c3a1206261206ce1baa76e206e68e1baaf7020636875e1bb99742e2043c3b26e2076e1bb9b692063c3a163207468c3b46e672074696e206b68e1baa96e206861792063c3a163206269e1bb8375206de1baab752064c4836e67206bc3ad207468c3ac206368e1bb89206de1bb9974206ce1baa76e2e0a0a31302e2058c3a2792064e1bbb16e672073c6a120c491e1bb9320736974650a0a4b68692073697465207175c3a1206ce1bb9b6e207468c3ac207669e1bb87632074c3ac6d206b69e1babf6d207468c3b46e672074696e207175e1baa3206cc3a02072e1baa574206b68c3b3206b68c4836e2e2042e1baa16e206ec3aa6e2078c3a2792064e1bbb16e67207472616e672073c6a120c491e1bb93207369746520c491e1bb832063c3b3207468e1bb832074e1bb9b69206de1bb8d69206e67c3b5206e67c3a163682074726f6e6720736974652e205472616e67206ec3a0792063e1baa76e2067c3ac3f204b68c3b46e672063e1baa76e20c491e1bab970206dc3a02063e1baa76e2074c3ad6e68206ec4836e6720c491e1bb996e672063e1bba761206ec3b32c206ec3b3207068e1baa3692074e1baa369207875e1bb916e67206e68616e68206e68e1baa5742e\'','NULL'),('2','X\'56c3ac2073616f206ec3aa6e206368e1bb8d6e2068e1bb8d6320746869e1babf74206be1babf20c491e1bb932068e1bb8d61\'','X\'4e677579e1bb856e204e67e1bb8d632044c5a96e67\'','\'2023-12-03\'','1','X\'4ee1babf752062e1baa16e20c491616e672063c3a26e206e68e1baaf632c207068c3a26e2076c3a26e2074c3ac6d2063c3a275207472e1baa3206ce1bb9d692063686f2063c3a2752068e1bb8f6920e2809c4c69e1bb8775206dc3ac6e682063c3b3206ec3aa6e2068e1bb8d6320746869e1babf74206be1babf20c491e1bb9320686fe1baa1206b68c3b46e673fe2809d207468c3ac2068c3b46d206e6179206368c3ba6e672074c3b4692078696e20636869612073e1babb2076e1bb9b692062e1baa16e203520c49169e1bb836d2063e1bb996e67206dc3a02062e1baa16e206ec3aa6e206ec3b36920e2809c4ec3aa6e2068e1bb8d6320746869e1babf74206be1babf20c491e1bb9320686fe1baa1e2809d0a0a56c3ac2073616f206ec3aa6e2068e1bb8d6320746869e1babf74206be1babf20c491e1bb9320686fe1baa13f0a4e68752063e1baa7752078c3a32068e1bb9969207068c3a17420747269e1bb836e2c2073e1bb91206cc6b0c6a16e672063c3a16320e1baa56e207068e1baa96d20746869e1babf74206be1babf20c491e1bb9320686fe1baa12074c4836e67206368c3b36e67206de1bab7742c206e68752063e1baa77520747579e1bb836e2064e1bba56e672063616f206e67e1baa574206e67c6b0e1bb9f6e672c206de1bba963206cc6b0c6a16e67206b68c3b46e67207068e1baa3692064e1baa16e672076e1bbab61e280a62e0a0a312e2054e1bb89206ce1bb87207468e1baa574206e676869e1bb87702068e1baa775206e68c6b0206cc3a0206b68c3b46e672063c3b32e0a43c3b3207468e1bb832062e1baa16e206b68c3b46e672074696e2062e1bb9f69206e676fc3a069206e67c3a06e6820434e545420c491c6b0e1bba3632074756e672068c3b42076e1bb8120c491e1bb99206b68c3a174206e68c3a26e2073e1bbb1207472c3aa6e206b68e1baaf702063c3a163206de1bab7742062c3a16f2c207068c6b0c6a16e67207469e1bb876e2074727579e1bb816e207468c3b46e67207468c3ac20746869e1babf74206be1babf20c491e1bb9320686fe1baa12063c5a96e6720c491616e672078e1babf702073617520434e5454206b68c3b46e67206cc3a02062616f2e2043c3a1632064e1bb8b63682076e1bba52c207469e1babf70207468e1bb8b2073e1baa36e207068e1baa96d207068c3a17420747269e1bb836e206bc3a96f207468656f206e68752063e1baa77520746869e1babf74206be1babf2063c3a16320e1baa56e207068e1baa96d2074727579e1bb816e207468c3b46e672063c3a06e67206e6869e1bb81752e2053e1bbb1207468c3a06e682063c3b46e672063e1bba7612073e1baa36e207068e1baa96d2f64e1bb8b63682076e1bba52067e1baaf6e206c69e1bb816e2076e1bb9b692073e1bbb1207472617520636875e1bb91742074726f6e67206e68e1bbaf6e6720e1baa56e207068e1baa96d2074727579e1bb816e207468c3b46e672e204368c3ad6e682076c3ac20c49169e1bb817520c491c3b3206dc3a02063c3a16320646f616e68206e676869e1bb8770206c75c3b46e206c75c3b46e2074e1baa16f207261206e68e1bbaf6e6720c491e1bab76320c3a26e20c491e1bb83207468752068c3ba742076c3a02078c3a2792064e1bbb16e6720c491e1bb9969206e67c5a920746869e1babf74206be1babf2063e1bba761206dc3ac6e68206ce1bb9b6e206de1baa16e682e0a0a322e205468e1bb9d69206769616e206cc3a06d207669e1bb8763206c696e6820686fe1baa1740a4ee1babf752062e1baa16e20c491c6b0e1bba36320e1baa56e20c491e1bb8b6e682038207469e1babf6e67206cc3a06d207669e1bb87632f6e67c3a0792076c3a020c491612073e1bb91206cc3a0206e67e1bb93692062c3a06e206769e1baa5792076c4836e207068c3b26e67207468c3ac206e6768e1bb8120746869e1babf74206be1babf20c491e1bb9320686fe1baa1206ce1baa169206b68c3a1632e2042e1bb9f6920c491e1bab7632074c3ad6e682079c3aa752063e1baa7752076e1bb81206e6768e1bb8720746875e1baad742c63e1baa36d2068e1bba96e67206ec3aa6e206e68e1bbaf6e67206e68c3a020746869e1babf74206be1babf20c491e1bb9320686fe1baa1206b68c3b46e672062e1baaf74206275e1bb9963207068e1baa369206c75c3b46e2063c3b3206de1bab77420e1bb9f2076c4836e207068c3b26e67207468656f206b68756e67206769e1bb9d2063e1bba96e67206e68e1baaf63206dc3a02068e1bb8d2063c3b3207468e1bb832074686fe1baa32073e1bba963207468e1baa3207472c3ad2074c6b0e1bb9f6e672074c6b0e1bba36e672063e1bba761206dc3ac6e682074726f6e67206e68e1bbaf6e67206b68c3b46e67206769616e206b68c3a163206e6861753a206e68c3a02c206b68c3a163682073e1baa16e2c207265736f72742c207175c3a16e2063c3a0207068c3aa2c206e67e1bb8d6e206ec3ba69206ec3a06f20c491c3b32ce280a66d69e1bb856e206cc3a02068e1bb8d20686fc3a06e207468c3a06e6820c491c3ba6e67207469e1babf6e20c491e1bb992076c3a02079c3aa752063e1baa7752063e1bba761206b68c3a163682068c3a06e672e0a0a332e204e6869e1bb8175206ce1bbb161206368e1bb8d6e206e6768e1bb81206e676869e1bb87700a43c3b3207468e1bb83206ec3b369206e67c3a06e6820746869e1babf74206be1babf20c491e1bb9320686fe1baa1206cc3a0206e67c3a06e682063c3b3206e6869e1bb8175206ce1bbb161206368e1bb8d6e206e6768e1bb81206e676869e1bb8770206e68e1baa5742076e1bb9b692062e1baa16e2063c3b3207468e1bb83206cc3a06d2074726f6e67206e6869e1bb8175206de1baa36e67206b68c3a163206e686175207468656f2073e1bb9f207468c3ad63682076c3a0206775207468e1baa96d206de1bbb92063e1bba761206dc3ac6e68206e68c6b0207361753a0a0a43687579c3aa6e207669c3aa6e20746869e1babf74206be1babf20c491e1bb932068e1bb8d610a43687579c3aa6e207669c3aa6e2078e1bbad206cc3bd20e1baa36e680a43687579c3aa6e207669c3aa6e20746869e1babf74206be1babf205765620a43687579c3aa6e207669c3aa6e20746869e1babf74206be1babf207175e1baa36e672063c3a16f2c2074727579e1bb816e207468c3b46e670a342e204de1bba963206cc6b0c6a16e67206b68c3b46e672068e1bb81207468e1baa5700a4b68c3b46e67207068e1baa369206ec3b369207175c3a12076e1bb81206de1bba963206cc6b0c6a16e672063e1bba761206de1bb9974206e67c6b0e1bb9d69206cc3a06d20746869e1babf74206be1babf20c491e1bb9320686fe1baa12e204de1bba963206cc6b0c6a16e67207261207472c6b0e1bb9d6e6720c491c3a3206769616f20c491e1bb996e672074e1bbab20372d3920747269e1bb87752f7468c3a16e6720e2809320c49169e1bb8175206dc3a0206b68c3b46e67207068e1baa369206e67c3a06e68206e6768e1bb81206ec3a06f2063c5a96e672063c3b320c491c6b0e1bba3632e204e676fc3a0692063c3b46e67207669e1bb8763206368c3ad6e682068e1bb8d206ce1baa1692063c3b26e2063c3b3207468e1bb83206e68e1baad6e207468c3aa6d206e6869e1bb81752064e1bbb120c3a16e20c491e1bb83206cc3a06d2063c3a1206e68c3a26e2f6e68c3b36d2e2054e1bba963206cc3a020e1bb9f206de1bba96320c491e1bb99206de1bb9b69207261207472c6b0e1bb9d6e67207468c3ac206de1bb9974206e68c3a26e207669c3aa6e20746869e1babf74206be1babf20c491e1bb9320686fe1baa120c491c3a320c49169207472c6b0e1bb9b632072e1baa574206e6869e1bb81752062c6b0e1bb9b632076e1bb8120746875206e68e1baad702076c3a02063c6a12068e1bb9969206e6768e1bb81206e676869e1bb877020736f2076e1bb9b692063c3a163206e67c3a06e68206b68c3a1632e0a0a352e2048e1bb8d63207068c3ad2068e1bb8d6320746869e1babf74206be1babf20c491e1bb9320686fe1baa1206ce1baa16920e1bb9f206de1bba9632074e1baa76d207472756e670a4ee1babf752062e1baa16e206e6768c4a9206368e1bb892063c3b3207468e1bb832068e1bb8d6320c490e1baa1692068e1bb8d632f43616f20c491e1bab36e672063687579c3aa6e206e67c3a06e6820546869e1babf74206be1babf20c491e1bb9320686fe1baa1207468c3ac2062e1baa16e206de1bb9b692063c3b3207468e1bb83207468656f2076c3a0206cc3a06d20c491c6b0e1bba3632074726f6e67206e67c3a06e68206ec3a079207468c3ac2062e1baa16e206ec3aa6e2062e1bb8f206e67617920737579206e6768c4a920e1baa57920c491692e2042e1bb9f692c2068e1bb8d632043616f20c491e1bab36e672fc490e1baa1692068e1bb8d632062e1baa16e2063c3b26e2068e1bb8d63207468c3aa6d2063c3a163206dc3b46e207068e1bba52076c3a0207669e1bb87632068e1bb8d632074e1baad70207472756e672076c3a06f2063687579c3aa6e206e67c3a06e68206368e1bb892063c3b26e206ce1baa1692074e1baa76d207068c3a26e206ee1bbad612e20546861792076c3ac2068e1bb8d632043616f20c491e1bab36e672fc490e1baa1692068e1bb8d63207468c3ac2062e1baa16e2063c3b3207468e1bb83207469e1babf74206b69e1bb876d207468e1bb9d69206769616e2076c3a0207469e1bb816e2062e1baa1632062e1bab16e672063c3a163206b686fc3a12068e1bb8d63206e67e1baaf6e2068e1baa16e2e2048e1bb8d632063c3a163206b686fc3a12068e1bb8d63206e67e1baaf6e2068e1baa16e207468c3ac2063c3b3207468e1bb83206cc3a06d207669e1bb87632074e1baa1692063c3a1632063c3b46e67207479206ce1bb9b6e3f0a0a58696e207472e1baa3206ce1bb9d69206cc3a02063c3b32e204e68c3a020747579e1bb836e2064e1bba56e672063e1baa76e2067c3ac20e1bb9f2062e1baa16e3f0a0a4ec4836e67206ce1bbb16320746869e1babf74206be1babf20e2809320c49169e1bb8175206dc3a02063c3a163207472c6b0e1bb9d6e672f7472756e672074c3a26d2063c3b3207468e1bb8320c491c3a06f2074e1baa16f2063686f2062e1baa16e207468656f206e68e1bbaf6e672063c3a16368206b68c3a163206e6861750a5468c3a16920c491e1bb9920e2809320c49169e1bb81752062e1baa16e20c491c6b0e1bba3632067696120c491c3ac6e682c206e68c3a0207472c6b0e1bb9d6e672c2078c3a32068e1bb99692064e1baa1792062e1baa36f2062616f206e6869c3aa75206ec4836d0a4d6179206de1baaf6e20e2809320c49169e1bb8175206ec3a079207475e1bbb320746875e1bb99632074e1bbab6e672063c3a1206e68c3a26e207468656f2074c3a26d206c696e682076c3a02063e1baa32074c3ac6e682068c3ac6e68206de1bb9169207175616e2068e1bb87207468e1bbb1632074e1babf2e0a54e1bba963206cc3a0207669e1bb87632068e1bb8d63206368c6b0c6a16e67207472c3ac6e682074e1baa1692063c3a163207472c6b0e1bb9d6e67206b68c3b46e67206de1baa57920e1baa36e682068c6b0e1bb9f6e6720c491e1babf6e206be1babf74207175e1baa32062e1baa16e20c491e1baad752f72e1bb9b7420e1bb9f206de1bb99742063c3b46e67207479206dc3a0206ec3b3207068e1bba520746875e1bb99632076c3a06f20332079e1babf752074e1bb91206dc3ac6e68206be1bb83207472c3aa6e2e0a0a56e1baad792074c3b36d206ce1baa169206cc3a0207475e1bbb3207468656f20c491e1bb8b6e682068c6b0e1bb9b6e672062e1baa36e207468c3a26e2f67696120c491c3ac6e682c2074c3a069206368c3ad6e682c207468e1bb9d69206769616e206dc3a02062e1baa16e2063c3b3207468e1bb83206ce1bbb161206368e1bb8d6e206e6869e1bb8175206368c6b0c6a16e67207472c3ac6e6820c491c3a06f2074e1baa16f206b68c3a163206e6861752e204ee1babf752062e1baa16e206d75e1bb916e207469e1babf74206b69e1bb876d207469e1bb816e2c207468e1bb9d69206769616e2076c3a020c491c6b0e1bba363206769e1bb9b6920746869e1bb8775207669e1bb8763206cc3a06d207468c3ac2068e1bb8d632074e1baa169207472756e672074c3a26d206cc3a0206ce1bbb161206368e1bb8d6e207068c3b92068e1bba3702e\'','NULL'),('3','X\'546869e1babf74206be1babf2057656273697465202d206e6768e1bb812068c3a169207261207469e1bb816e206368c6b0612062616f206769e1bb9d2068e1babf7420484f54\'','X\'4e677579e1bb856e204e67e1bb8d632044c5a96e67\'','\'2023-12-03\'','1','X\'4e67c3a079206e61792c20546869e1babf74206be1babf2077656273697465206e67c3a0792063c3a06e6720c491c3b36e6720766169207472c3b2207175616e207472e1bb8d6e672c2057657369746520c491616e67207472e1bb9f207468c3a06e68206de1bb9974207068e1baa76e207175616e207472e1bb8d6e672074726f6e6720686fe1baa17420c491e1bb996e672063e1bba761206e6869e1bb817520646f616e68206e676869e1bb87702c2074e1bb95206368e1bba9632c2063c3a1206e68c3a26e2e205765627369746520c491c3a17020e1bba96e67206de1bb8d69206e68752063e1baa7752063e1bba761206e67c6b0e1bb9d692064c3b96e672074e1bbab206769e1bb9b6920746869e1bb8775207468c3b46e672074696e2c207175e1baa36e672062c3a12073e1baa36e207068e1baa96d20c491e1babf6e207472616f20c491e1bb95692c206d75612062c3a16e20686179206769e1baa369207472c3ad2e2056c3ac207468e1babf2c20c491c3a279206cc3a0207068c6b0c6a16e67207469e1bb876e2074727579e1bb816e207468c3b46e672063686f2073e1baa36e207068e1baa96d206869e1bb8775207175e1baa32c2074696e2063e1baad792076c3a020c3ad742074e1bb916e206bc3a96d206e68e1baa574206869e1bb876e206e61792e205468c3b46e67207175612020776562736974652c20646f616e68206e676869e1bb87702063c3b3207468e1bb83206e68e1baad6e20c491c6b0e1bba363206c75e1bb936e67207468c3b46e672074696e207068e1baa36e2068e1bb93692074e1bbab206b68c3a163682068c3a06e672076e1bb812073e1baa36e207068e1baa96d2c2064e1bb8b63682076e1bba52063e1bba761206dc3ac6e6820c491e1bb8320c491c3a17020e1bba96e672074e1bb9174206e68e1baa574207468e1bb8b206869e1babf752c206e68752063e1baa7752063e1bba761206e67c6b0e1bb9d69207469c3aa752064c3b96e672e0a0a4869e1bb837520c491c6b0e1bba36320c49169e1bb817520c491c3b32c206e6869e1bb81752062e1baa16e207472e1babb20c491c3a320717579e1babf7420c491e1bb8b6e682064e1baa56e207468c3a26e206368696e68207068e1bba563206de1baa36e6820c491e1baa574206dc3a075206de1bba1206ec3a0792c20c491e1bab763206269e1bb8774206cc3a02063c3a1632062e1baa16e207472e1babb20c6b061207468c3ad63682073e1bbb12073c3a16e672074e1baa16f2c202c206d75e1bb916e206b68c3a16d207068c3a12063c3a169206de1bb9b692c206368696e68207068e1bba5632062e1baa36e207468c3a26e2e0a0a546869e1babf74206be1babf2077656220287765622064657369676e657229206cc3a0206de1bb99742063c3b46e67207669e1bb87632068c3a169207261207469e1bb816e2076c3a02074c4836e67207472c6b0e1bb9f6e67206de1baa16e68206de1babd2074726f6e67206e68e1bbaf6e67206ec4836d207175612e0a0a4de1bb9769206e67c3a079207472c3aa6e207468e1babf206769e1bb9b692063c3b3206b686fe1baa36e672032303020747269e1bb8775206e67c6b0e1bb9d6920747275792063e1baad702076c3a06f2063c3a16320776562736974652e20204de1bba96320c491e1bb992074c4836e67207472c6b0e1bb9f6e672063e1bba761206e67c3a06e6820746869e1babf74206be1babf2077656220c491616e6720e1bb9f206de1bba96320206b686fe1baa36e67207472c3aa6e203330252076c3a020c491c6b0e1bba3632064e1bbb12062c3a16f2073e1babd2063c3b26e207469e1babf702074e1bba5632074c4836e672e20c49069e1bb8175206ec3a079206b6869e1babf6e206e68752063e1baa775206e68c3a26e2073e1bbb1206e67c3a06e6820746869e1babf74206be1babf20776562736974652073e1babd207469e1babf702074e1bba563206ec3b36e672074726f6e67207468e1bb9d69206769616e2074e1bb9b692e0a0a4e6768e1bb8120546869e1babf74206be1babf20776562206cc3a06d2067c3ac3f0a0a4e67c6b0e1bb9d6920746869e1babf74206be1babf20776562736974652074e1baa16f207261207472616e67207765622063c3b32062e1bb912063e1bba5632068c3a0692068c3b2612c20e1baa56e2074c6b0e1bba36e672076c3a020c491e1bb932068e1bb8d61206368e1baa574206cc6b0e1bba36e672063616f20c491e1bb832074727579e1bb816e20c491e1baa174207468c3b46e6720c49169e1bb8770206869e1bb8775207175e1baa320c491e1babf6e20c491e1bb91692074c6b0e1bba36e67206b68c3a163682068c3a06e6720686fe1bab7632063c3b46e67206368c3ba6e67206de1bba563207469c3aa752063e1bba76120646f616e68206e676869e1bb87702e2048e1bb8d207068c3a17420747269e1bb836e2c20647579207472c3ac2063c3a163207472616e67207765622076c3a020686fe1baa17420c491e1bb996e672063e1bba761206dc3a179206368e1bba720c491e1bb8320c491e1baa36d2062e1baa36f207765627369746520686fe1baa17420c491e1bb996e6720e1bb956e20c491e1bb8b6e682e2042c3aa6e2063e1baa16e6820c491c3b32c20c491e1bb832077656273697465207472e1bb9f206ec3aa6e206ee1bb95692062e1baad742c2063e1baa76e2063c3b3206769616f206469e1bb876e20c491e1bab970206de1baaf742076c3a02063e1baa76e207468c6b0e1bb9d6e6720787579c3aa6e20c491c6b0e1bba3632063e1baa369207469e1babf6e2c2074e1bb916920c6b0752073616f2063686f206869e1bb8775207175e1baa3206e68e1baa5742e0a0a4e67c6b0e1bb9d6920546869e1babf74206be1babf207765622063e1baa76e2074e1bb91206368e1baa5742067c3ac3f0a0a4de1bb9974205765622064657369676e6572207472c6b0e1bb9b632068e1babf742063e1baa76e207068e1baa369206cc3a0206de1bb99742063c3a1206e68c3a26e206e6768e1bb8720746875e1baad742076c3a02063c3b3206b68e1baa3206ec4836e672073c3a16e672074e1baa16f2e2042e1bb912063e1bba5632076c3a020c491e1bb932068e1bb8d61207472c3aa6e207472616e6720776562207068e1baa36920c491c6b0e1bba3632073e1baaf702078e1babf70206de1bb99742063c3a163682068e1bba370206cc3bd2c20c491e1bb936e672062e1bb992c2062e1baaf74206de1baaf742076c3a0207468752068c3ba7420c491c6b0e1bba3632073e1bbb1206368c3ba20c3bd2063e1bba761206b68c3a163682068c3a06e672e0a0a4e676fc3a0692072612c2068e1bb8d2063c5a96e672063e1baa76e207068e1baa369206cc3a0206e67c6b0e1bb9d692074e1bb89206de1bb892076c3a02063c3b32074c3ad6e68206b69c3aa6e207472c3ac2063616f2e20c490e1bb832074e1baa16f20726120c491c6b0e1bba363206de1bb9974207472616e67207765622079c3aa752063e1baa775206e67c6b0e1bb9d6920746869e1babf74206be1babf207068e1baa369206368c3ba20c3bd20c491e1babf6e2074e1bbab6e6720636869207469e1babf742076c3a0207068e1baa36920c491e1baa36d2062e1baa36f2072e1bab16e6720776562736974652063e1bba7612068e1bb8d20c491c3a17020e1bba96e6720c491c6b0e1bba3632063c3a163206e68752063e1baa7752063e1bba761206b68c3a163682068c3a06e672e2020c490c3b469206b68692c2068e1bb8d2063c5a96e672063e1baa76e207068e1baa369206368e1baa570206e68e1baad6e206e68e1bbaf6e672062e1bb8f20717561206e68e1bbaf6e672063c3a12074c3ad6e682063e1bba761206dc3ac6e682c207468617920c491e1bb9569206ce1baa16920746fc3a06e2062e1bb9920746869e1babf74206be1babf207468656f2079c3aa752063e1baa7752063e1bba761206b68c3a163682068c3a06e672e0a0a4e676fc3a0692072612c20c491e1bb8320746869e1babf74206be1babf20776562736974652c207765622064657369676e6572207068e1baa3692068e1bb8d632073e1bbad2064e1bba56e67207468c3a06e68207468e1baa16f2063c3a1632063c3b46e672063e1bba520776562206861792048544d4c2c207469c3aa7520636875e1baa96e207765622c20e1bba96e672064e1bba56e67207068e1baa76e206de1bb816d2c206ee1baaf6d206368e1baaf63206e677579c3aa6e2074e1baaf6320746869e1babf74206be1babf2063c6a12062e1baa36e2c207175e1baa36e206cc3bd206ee1bb99692064756e67207472616e67207765622c2068c3ac6e6820e1baa36e682c204a6176615363726970742c206dc3a32068c3b361e280a60a0a546875206e68e1baad702063e1bba761206e6768e1bb8120546869e1babf74206be1babf207765620a0a546869e1babf74206be1babf207765627369746520c491616e672063c3b3206e68e1bbaf6e672062c6b0e1bb9b6320c49169206e68616e6820c491e1babf6e206368c3b36e67206de1bab7742c2068e1bba9612068e1bab96e2063c6a12068e1bb9969207669e1bb8763206cc3a06d2076e1bb9b6920746875206e68e1baad702068e1baa5702064e1baab6e2063686f207765622064657369676e6572206e6869e1bb877420687579e1babf742076c3a0206ec4836e6720c491e1bb996e672e202043c3a1632073696e68207669c3aa6e2063c3b3207468e1bb8320c491e1baa36d206e6869e1bb876d2063c3a1632063c3b46e67207669e1bb8763206e68c6b020746869e1babf74206be1babf20c491e1bb932068e1bb8d612c206269c3aa6e2074e1baad70207669c3aa6e20c491e1bb932068e1bb8d61206be1bbb920746875e1baad742073e1bb912c20746869e1babf74206be1babf206769e1baa36e672064e1baa1792c2074e1baa1692063c3a1632063c6a1207175616e207175e1baa36e672063c3a16f2c2063c3b46e67207479207469e1babf70207468e1bb8b686fe1bab763207068c3b26e672062616e207468c3b46e672074696e2074727579e1bb816e207468c3b46e672063e1bba7612063c3a16320646f616e68206e676869e1bb87702e0a0a4b686920c491c3a32063c3b3206e6869e1bb8175206b696e68206e676869e1bb876d2c207765622064657369676e657220686fc3a06e20746fc3a06e2074e1bbb120646f2076c3a0206c696e6820686fe1baa1742074726f6e672063c3b46e67207669e1bb87632063e1bba761206dc3ac6e682c207468e1baad6d206368c3ad2063c3b3207468e1bb83206cc3a06d2074e1baa169206e68c3a0206dc3a0206b68c3b46e672063e1baa76e207068e1baa3692064692063687579e1bb836e2e204de1bba963206cc6b0c6a16e67207472756e672062c3ac6e682064616f20c491e1bb996e67206b686fe1baa36e672035302e303030205553442f6ec4836d20c491e1babf6e2038352e303030205553442f6ec4836d2b204e676fc3a0692072612c2063c3b3207468e1bb832062e1bb952073756e672063c3a1632063c6a12068e1bb9969207669e1bb8763206cc3a06d20c491e1babf6e2074e1bbab2063c3a1632063c3b46e672074792c2074e1baad7020c4916fc3a06e2074726f6e67206ec6b0e1bb9b632e0a0a54c3b36d206ce1baa1692c20746869e1babf74206be1babf2077656220c491616e67206cc3a0206e6768e1bb812068e1baa5702064e1baab6e206dc3a02063c3a1632062e1baa16e207472e1babb2063c3b3207468e1bb83207468656f20c491e1bb956920c491e1bb832063c3b320c491c6b0e1bba363206e6768e1bb81206e676869e1bb877020e1bb956e20c491e1bb8b6e682076e1bb9b69206de1bba96320746875206e68e1baad702063616f2e\'','NULL'),('5','X\'4e6768e1bb8120746869e1babf74206be1babf207765622063687579c3aa6e206e676869e1bb8770\'','X\'4e677579e1bb856e204e67e1bb8d632044c5a96e67\'','\'2023-12-03\'','1','X\'4e6768e1bb8120746869e1babf74206be1babf207765622c206e6768652072e1baa574207175656e20746875e1bb99632076c3a02068e1baa5702064e1baab6e2c206e68c6b06e67206b68c3b46e67207068e1baa369206e6869e1bb8175206e67c6b0e1bb9d692063c3b3207468e1bb83206869e1bb837520c491c6b0e1bba363206368c3ad6e682078c3a16320746869e1babf74206be1babf20776562206cc3a0206cc3a06d2067c3ac2076c3a02063e1baa76e206be1bbb9206ec4836e672067c3ac20c491e1bb83207468c3a06e682063c3b46e672076e1bb9b69206e6768e1bb81206e676869e1bb8770206ec3a0792e0a0a54726f6e67206b6875c3b46e206b68e1bb952062c3a069207669e1babf74206ec3a079206368c3ba6e672074c3b4692073e1babd207068c3a26e2074c3ad6368206e68e1bbaf6e672076e1baa56e20c491e1bb81206ec3aa75207472c3aa6e2076e1bb9b692068792076e1bb8d6e67206769c3ba702062e1baa16e2063c3b320c491c6b0e1bba3632063c3a169206e68c3ac6e2073c3a2752068c6a16e2076e1bb81206e6768e1bb81206ec3a0792063c5a96e67206e68c6b02063c6a12068e1bb9969206dc3a0206ec3b3206d616e67206ce1baa1692e0a0a4e6768e1bb812068e1baa5702064e1baab6e2c2063c3b3206e68752063e1baa7752063616f2c206de1bba963206cc6b0c6a16e672074e1bb91740a54726f6e67207875207468e1babf206e67c3a079206e61792c206de1bb8d69207468e1bba920c491e1bb8175206f6e6c696e652074e1bbab207468c3b46e672074696e20646f616e68206e676869e1bb87702c2068e1bb97207472e1bba3206b68c3a163682068c3a06e672c206d75612c2062c3a16e2c2074c3ac6d206b69e1babf6d207468c3b46e672074696e2c2074c6b02076e1baa56e2073e1bba963206b68e1bb8f652c206ee1baa57520c4836e2c206cc3a06d2062c3a16e682c207472c3b22063687579e1bb876e2063c3a1206e68c3a26e20762e762e2e20446f20c491c3b32c2063c3a163207472616e67207765622c2064e1bb8b63682076e1bba5207765622c20e1bba96e672064e1bba56e6720776562206e67c3a0792063c3a06e67206ee1bb9f2072e1bb992e0a0a53e1bbb1207875e1baa574206869e1bb876e206e6869e1bb817520e1bba96e672064e1bba56e672c2064e1bb8b63682076e1bba5207765622063c5a96e672074e1baa16f2072612073e1bbb12063e1baa16e68207472616e68206b68e1bb9163206c69e1bb8774206769e1bbaf612063c3a16320776562736974652c20e1bba96e672064e1bba56e67207765622076e1bb9b69206e6861752e205472616e6720776562206ec3a06f2063c3b3206769616f206469e1bb876e20c491e1bab9702068c6a16e2c207472e1baa369206e676869e1bb876d206e67c6b0e1bb9d692064c3b96e672074e1bb91742068c6a16e2073e1babd207468752068c3ba7420c491c6b0e1bba363206e67c6b0e1bb9d692064c3b96e672e2054e1bbab20c491c3b3206b68c3a169206e69e1bb876d2055492f555820726120c491e1bb9d692076c3a0206e67c3a0792063c3a06e67207472e1bb9f206ec3aa6e207175616e207472e1bb8d6e672074726f6e67207175c3a1207472c3ac6e68207068c3a17420747269e1bb836e2063c3a163207472616e67207765622c20e1bba96e672064e1bba56e67207765622e0a0ac490e1bb8320c491c3a17020e1bba96e6720c491c6b0e1bba3632063c3a1632079c3aa752063e1baa77520c491c3b32c2063e1baa76e206de1bb9974206cc6b0e1bba36e67206ce1bb9b6e2063c3a163206e68c3a020746869e1babf74206be1babf2c207068c3a17420747269e1bb836e20e1bba96e672064e1bba56e67207765622063687579c3aa6e206e676869e1bb87702e2056c3ac2076e1baad792c2063c3a1632062e1baa16e20746869e1babf74206be1babf207765622063c3b3206be1bbb9206ec4836e6720c491c6b0e1bba3632073c4836e20c491c3b36e2076c3a0206368c3a06f206de1bb9d692076e1bb9b69206de1bba963206cc6b0c6a16e672063616f2e0a4e68e1bbaf6e67206be1bbb9206ec4836e672063e1baa76e2063c3b32063e1bba761206de1bb9974205765622044657369676e65720a54c3b979207468656f20717569206dc3b42c207068c3a26e2063c3b46e672063c3b46e67207669e1bb87632063e1bba761206de1bb97692063c3b46e67207479206dc3a02062e1baa16e2063c3b3207468e1bb8320c491e1baa36d206e6869e1bb876d206de1bb997420686fe1bab763206e6869e1bb817520766169207472c3b2206be1bb83207472c3aa6e2e20517561207175c3a1207472c3ac6e68206e676869c3aa6e2063e1bba9752063c3a163206e68752063e1baa77520747579e1bb836e2064e1bba56e672074e1baa169204469e1bb856e20c491c3a06e207669e1bb8763206cc3a06d20746869e1babf74206be1babf20c490c3a0204ee1bab56e67206368c3ba6e672074c3b469206c69e1bb8774206bc3aa2063c3a1632079c3aa752063e1baa7752063e1bba5207468e1bb832063686f2063c3a16320766169207472c3b2206e68c6b0207361753a0a0a55492f55582044657369676e65723a0a59c3aa752063e1baa7752063c3b3206b696e68206e676869e1bb876d20746869e1babf74206be1babf2c2073e1bbad2064e1bba56e6720e1bba96e672064e1bba56e67207765620a43c3b3206b69e1babf6e207468e1bba9632076e1bb81206de1bab774207068c3a26e2074c3ad63682c207469e1babf702063e1baad6e2078e1bbad206cc3bd207468c3b46e672074696e2074e1bbab206e67c6b0e1bb9d692064c3b96e670a416d206869e1bb83752076e1bb812063c3b46e67206e6768e1bb872074726f6e672078c3a2792064e1bbb16e672068e1bb87207468e1bb916e67207765620a43c3b3206b68e1baa3206ec4836e672074c6b02076e1baa56e206cc3a06d207669e1bb87632076e1bb9b69206b68c3a163682068c3a06e670ac490c3a32074e1bbab6e67207175612063c3a1632076e1bb8b207472c3ad20477261706869632044657369676e0a477261706869632044657369676e65723a0a59c3aa752063e1baa7752063c3b3206b69e1babf6e207468e1bba9632076e1bb8120746869e1babf74206be1babf20c491e1bb932068e1bb8d610a53e1bbad2064e1bba56e67207468c3a06e68207468e1baa16f2041646f626520496c6c7573747261746f722c2050686f746f73686f700a57656220446576656c6f7065723a0a59c3aa752063e1baa775206269e1babf742076e1bb812048544d4c2c204353532c204a6176615363726970740a4269e1babf74206de1bb99742074726f6e672063c3a163206e67c3b46e206e67e1bbaf206ce1baad70207472c3ac6e6820776562206e68c6b0205048502c204a61766120e280a60a4269e1babf742076e1bb8120576f72645072657373206cc3a0206de1bb997420c6b075207469c3aa6e0a436f70797772697465723a0a43c3b3206b69e1babf6e207468e1bba9632076e1bb81204d61726b6574696e670a43c3b3206be1bbb9206ec4836e67207669e1babf742062c3a0690a416d206869e1bb83752076e1bb812073e1baa36e207068e1baa96d2c206b68c3a163682068c3a06e67202e2e0a43c3b3206b69e1babf6e207468e1bba9632076e1bb812053454f0a54c3b979207468656f206e68752063e1baa7752063c3b46e67207669e1bb87632c20717569206dc3b4206dc3b4692063c3b46e672074792063c3b3206e68e1bbaf6e672079c3aa752063e1baa775206b68c3a163206e6861752063686f2076e1bb8b207472c3ad205765622044657369676e65722e20547579206e6869c3aa6e2c20717561207468e1bb916e67206bc3aa2c207068c3a26e2074c3ad63682063c3a1632079c3aa752063e1baa77520747579e1bb836e2064e1bba56e672c206368c3ba6e672074c3b469206e68c3a26e207468e1baa5792063c3b3206de1bb99742073e1bb912079c3aa752063e1baa7752063c6a12062e1baa36e206e68c6b0207361752063686f2076e1bb8b207472c3ad205765622044657369676e65723a0a0a43c3b3206b69e1babf6e207468e1bba9632076e1bb812055492f55580a43c3b3206b696e68206e676869e1bb876d2073e1bbad2064e1bba56e672063c3a1632063c3b46e672063e1bba5206e68c6b02041646f626520496c6c7573747261746f722c2050686f746f73686f702c2041646f62652058440a43c3b3206be1bbb9206ec4836e672076e1bb812048544d4c2c204353532c204a6176615363726970740a4269e1babf74206de1bb9974206e67c3b46e206e67e1bbaf206ce1baad70207472c3ac6e6820776562206cc3a020c6b075207469c3aa6e0a4269e1babf7420576f72645072657373206cc3a020c6b075207469c3aa6e\'','NULL'),('6','X\'5068c3a26e206269e1bb87742063c3a1632068e1bb87206dc3a0752074726f6e6720746869e1babf74206be1babf20c491e1bb932068e1bb8d61\'','X\'4e677579e1bb856e204e67e1bb8d632044c5a96e67\'','\'2023-12-03\'','0','X\'c490e1babf6e2076e1bb9b692062c3a0692074c3ac6d206869e1bb83752076e1bb812068e1bb87206dc3a0752074726f6e6720746869e1babf74206be1babf20c491e1bb9320686fe1baa12c204964657369676e2073e1babd206769e1bb9b6920746869e1bb87752076c3a0207068c3a26e206269e1bb87742063686f2063c3a1632062e1baa16e20332068e1bb87206dc3a0753a2043594d4b2c205247422076c3a02050414e544f4e452e0a0a48e1bb87206dc3a0752043594d4b0a434d594b206cc3a0206de1bb9974206dc3b42068c3ac6e68206dc3a0752074726f6e6720c491c3b32074e1baa5742063e1baa32063c3a163206dc3a07520c491c6b0e1bba363206dc3b42074e1baa3206e68c6b0206cc3a0206de1bb99742068e1bb976e2068e1bba3702063e1bba7612063c3a163207175c3a1207472c3ac6e682068c3b261207472e1bb996e2063e1bba7612062e1bb916e206dc3a0752073e1baaf632e20434d594b206cc3a0206dc3b42068c3ac6e68206dc3a075207469c3aa7520636875e1baa96e20c491c6b0e1bba3632073e1bbad2064e1bba56e672074726f6e6720696e206f66667365742063686f2063c3a1632074c3a069206c69e1bb877520c491e1baa77920c491e1bba7206dc3a0752073e1baaf632e2056c3ac20696e20e1baa56e2073e1bbad2064e1bba56e672063c3a163206c6fe1baa169206de1bbb1632063e1bba7612062e1bb916e206dc3a0752063c6a12062e1baa36e2c206ec3b3207468c6b0e1bb9d6e6720c491c6b0e1bba3632067e1bb8d69206cc3a020696e2062e1bb916e206dc3a0752e0a0a4e677579c3aa6e206cc3bd206cc3a06d207669e1bb87632063e1bba76120434d594b206cc3a0207472c3aa6e2063c6a12073e1bb9f2068e1baa570207468e1bba520c3a16e682073c3a16e672e204dc3a075206dc3a0206368c3ba6e67207461206e68c3ac6e207468e1baa579206cc3a02074e1bbab207068e1baa76e2063e1bba76120c3a16e682073c3a16e67206b68c3b46e672062e1bb8b2068e1baa570207468e1bba52e2054726f6e6720434d594b2068e1bb936e672073e1baab6d2063e1bb996e672076e1bb9b692076c3a06e672073e1babd2063686f206dc3a07520c491e1bb8f2c2063c3a16e682073656e2063e1bb996e672076e1bb9b692078616e68206cc6a12063686f206dc3a0752078616e68206c616d2c2078616e68206cc6a12063e1bb996e672076e1bb9b692076c3a06e672073696e68207261206dc3a0752078616e68206cc3a12063c3a2792076c3a02074e1bb952068e1bba3702063e1bba7612063c3a163206dc3a0752078616e68206cc6a12c2063c3a16e682073656e2076c3a02076c3a06e672074e1baa16f207261206dc3a07520c491656e2e0a0a200a0a4320e28093204379616e206cc3a0206dc3a075206ce1bba563206c616d0a0a4d20e28093204d6167656e7461206cc3a0206dc3a07520c491e1bb8f2074c6b0c6a16920286dc3a0752068e1bb936e6720c491e1bb8f292c0a0a5920e280932059656c6c6f77206cc3a0206dc3a0752076c3a06e670a0a4b20e28093204b65796c696e652f426c61636b206cc3a0206dc3a07520c491656e0a0a48e1bb87206dc3a075205247420a48e1bb87206dc3a07520524742206cc3a02074e1bbab207669e1babf742074e1baaf742074726f6e67207469e1babf6e6720416e682076c3a02063c3b3206e6768c4a961203a0a0a523a2052656420286dc3a07520c491e1bb8f290a0a473a20477265656e20286dc3a0752078616e68206cc3a12063c3a279290a0a423a2028626c756520286dc3a0752078616e68206c616d290ac490c3a279206cc3a0206261206dc3a0752067e1bb91632074726f6e672063c3a163206dc3b42068c3ac6e6820c3a16e682073c3a16e672062e1bb952073756e672e2054e1bbab206261206dc3a0752063c6a12062e1baa36e206ec3a0792074e1bbab2063c3a16368207468617920c491e1bb95692074e1bb89206ce1bb87206769e1bbaf612063c3a163206dc3a0752052474220c491e1bb832074e1baa16f2072612076c3b42073e1bb912063c3a163206dc3a0752073e1baaf63206b68c3a163206e6861752076c3a02063c3a163682074e1bb956e672068e1bba3702074e1bbab2033206dc3a07520524742206ec3a0792067e1bb8d69206cc3a0206dc3a0752063e1bb996e6720282063c3a163206dc3a0752073696e682072612074e1bbab203033206dc3a075206ec3a0792073e1babd2073c3a16e672068c6a16e206dc3a0752067e1bb916320e2809320616464697469766520636f6c6f7220292e0a0a48e1bb87206dc3a07520524742206cc3a0206368e1babf20c491e1bb99206869e1bb836e207468e1bb8b206dc3a0752073e1baaf632074e1bbb1206e6869c3aa6e2063e1bba761206dc3a06e2068c3ac6e68204352542c206dc3a06e2068c3ac6e68204c43442076c3a0206dc3a06e2068c3ac6e6820706c61736d612e204dc3a17920e1baa36e682076c3a0206dc3a179207175c3a9742063c5a96e672063c3b3207468e1bb832073e1bbad2064e1bba56e67206368e1babf20c491e1bb99205247422e2048e1bb87206dc3a07520524742206cc3a02068e1bb87206dc3a075206cc3a02074e1bb9174206e68e1baa5742063686f20746869e1babf74206be1babf203a20746869e1babf74206be1babf20776562736974652c2068c3ac6e6820e1baa36e68206be1bbb920746875e1baad742073e1bb912c20746869e1babf74206be1babf2063c3a1632074c3a069206c69e1bb8775207175e1baa36e672063c3a16f207472e1bbb16320747579e1babf6e2ce280a60a4dc3a0752050616e746f6e6520c491c6b0e1bba3632078c3a16320c491e1bb8b6e68206cc3a0206de1bb9974206c6fe1baa1742063c3a16320636f6e2073e1bb9120746861792076c3ac2074c3aa6e20286e676fe1baa169207472e1bbab2076e1bb9b69206dc3a0752073e1baaf632073e1bbad2064e1bba56e672074726f6e67207468e1bb9d69207472616e67292c20646f20c491c3b32062e1baa16e2073e1babd206e6768652063c3a163207468616d20636869e1babf752050414e544f4e452032393835204320746861792076c3ac206dc3a0752078616e68206461207472e1bb9d692e0a0a4dc3a0752050616e746f6e65206cc3a0206dc3a075207068612c20686179206dc3a075207468e1bba920352e204ec3b369206de1bb99742063c3a163682064e1bb85206869e1bb83752068c6a16e2c206dc3a0752050616e746f6e65206cc3a0206dc3a07520c491c6b0e1bba363206e68c3a02073e1baa36e207875e1baa574207068612073e1bab56e2c206b68c3a1632076e1bb9b69207669e1bb8763206e68c3a020696e20706861207472e1bb996e2063c3a163206dc3a07520434d594b206cc3a02034206dc3a0752063c6a12062e1baa36e2074726f6e6720696e20e1baa56e20c491e1bb832074e1baa16f207261206e68e1bbaf6e67206dc3a075206368c3ba6e67207461206d6f6e67206d75e1bb916e2e204dc3a0752050616e746f6e652063c3b32073e1baaf6320c491e1bb992074c6b0c6a1692074e1baaf6e2072e1baa574206ee1bb95692062e1baad742c206cc3a06d2074c4836e672074c3ad6e68207468e1baa96d206de1bbb92063686f2073e1baa36e207068e1baa96d20696e20e1baa56e2e204b686920c491e1bab7742063e1baa16e68206e68e1bbaf6e6720e1baa56e207068e1baa96d20696e20e1baa56e20c491c6b0e1bba36320696e206f66667365742076e1bb9b692034206dc3a0752063c6a12062e1baa36e2c2073e1baaf6320c491e1bb992063e1bba761206dc3a0752050616e746f6e652062616f206769e1bb9d2063c5a96e67206ee1bb95692062e1baad742068c6a16e2068e1bab36e2e0a0ac490e1bb83206368e1bb8d6e20c491c3ba6e67206dc3a075206368c3ba6e672074612063e1baa76e2c2063c3b3207468e1bb8320c491e1bb916920636869e1babf75206dc3a075207472c3aa6e2062e1baa36e67206dc3a0752050616e746f6e65202850616e746f6e6520436f6c6f72204368617274292c2062e1baa36e67206dc3a075206ec3a079206b68c3a120c491e1baaf74207469e1bb816e20736f2076e1bb9b692063c3a16320436f6c6f72204368617274207468c3b46e67207468c6b0e1bb9d6e672e2054726f6e672063c3a163207068e1baa76e206de1bb816d20c491e1bb932068e1bb8d61206e68c6b02041492c2050686f746f73686f702c20436f72656c2043726177e280a620c491e1bb81752063c3b32063686f207068c3a97020c491e1bb95206dc3a0752050616e746f6e652e20c490e1bb8320696e2062e1bab16e67206dc3a0752050616e746f6e652c2062e1baa16e2063c3b3207468e1bb8320c491c6b061206dc3a0752050616e746f6e652076c3a06f206e68e1bbaf6e67206368e1bb972062e1baa16e2063e1baa76e207472c3aa6e206c61796f757420746869e1babf74206be1babf2c2076c3a0206cc3a06d207669e1bb87632076e1bb9b69206e68c3a020696e20c491e1bb8320c491c6b0612072612079c3aa752063e1baa7752076e1bb8120696e206dc3a0752050616e746f6e652e0a0a56e1bb9b692062c3a069207068c3a26e2074c3ad63682076e1bb8120332068e1bb87206dc3a075207472c3aa6e2c206368c3ba6e672074c3b4692068792076e1bb8d6e672062e1baa16e2073e1babd20c491c6b0e1bba3632063756e672063e1baa57020c491e1baa77920c491e1bba7207468c3b46e672074696e2076c3a0206269e1babf7420c491c6b0e1bba3632063c3a163682074e1baa16f206dc3a0752074726f6e672063c3a1632074c3a163207068e1baa96d20746869e1babf74206be1babf20c491e1bb9320686fe1baa12e\'','NULL'),('7','X\'4a617661536372697074206cc3a02067c3ac3f20496e7465726e65742063c3b3207468e1bb832074e1bb936e2074e1baa169206dc3a0206b68c3b46e672063c3b3204a61766153637269707420686179206b68c3b46e673f\'','X\'4e677579e1bb856e204e67e1bb8d632044c5a96e67\'','\'2023-12-03\'','0','X\'4a61766153637269707420c491c3a3207472e1bb9f207468c3a06e68206de1bb997420c49169e1bb81752067c3ac20c491c3b32067e1baa76e206e68c6b0206cc3a0206869e1bb836e206e6869c3aa6e2c206b6869206de1bb8d69206e67c6b0e1bb9d6920c491e1bb81752073e1bbad2064e1bba56e67206ec3b32e204b68692062e1baa16e2064c3b96e672046616365626f6f6b2c2062e1baa16e2073e1bbad2064e1bba56e67204a6176615363726970742e204b68692062e1baa16e207669e1babf74206de1bb99742074776565742062e1baa16e2073e1bbad2064e1bba56e67204a6176615363726970742e205468e1baad742076e1baad792c206b68692062e1baa16e2078656d206ee1bb99692064756e67207472c3aa6e205175e1baa36e205472e1bb8b204de1baa16e672c2062e1baa16e2063c5a96e6720c491616e672073e1bbad2064e1bba56e67204a6176615363726970742e20c490c3a279206368e1bb89206cc3a0206de1bb99742074726f6e672073e1bb912072e1baa57420c3ad74206e68e1bbaf6e67207472616e67207765622073e1bbad2064e1bba56e67204a6176615363726970742e0a0a4a617661536372697074206cc3a02067c3ac3f0a4a617661536372697074206cc3a0206de1bb9974206e67c3b46e206e67e1bbaf206ce1baad70207472c3ac6e6820c491c6b0e1bba3632073e1bbad2064e1bba56e6720c491e1bb832074e1baa16f207261206e68e1bbaf6e67207472616e67207765622074c6b0c6a16e672074c3a1632e204ec3b320c491c6b0e1bba3632074c3ad63682068e1bba3702076c3a0206e68c3ba6e672074726f6e672048544d4c2e204a6176615363726970742063686f207068c3a970206b69e1bb836d20736fc3a1742063c3a1632068c3a06e682076692063e1bba761207472616e67207765622074e1bb91742068c6a16e20736f2076e1bb9b69206b6869206368e1bb892063c3b3206de1bb9974206dc3ac6e682048544d4c2e204a617661536372697074206be1babf742068e1bba3702076c3a06f2048544d4c2c206368e1baa179207472c3aa6e2057696e646f77732c204d6163696e746f73682076c3a02063c3a1632068e1bb87207468e1bb916e672068e1bb97207472e1bba3204e65747363617065206b68c3a1632e0a0a4ce1bb8b63682073e1bbad2068c3ac6e68207468c3a06e682076c3a0207068c3a17420747269e1bb836e2063e1bba761204a6176615363726970740a42616e20c491e1baa7752c20576562206b68c3b46e672068e1bb81207468c3ba2062e1bb8b206e68c6b02062c3a279206769e1bb9d2e0a0a5472e1bb9f206ce1baa169207468e1bb9d69206be1bbb320c491c3b32c206368e1bb892063c3b32048544d4c2c2063c3a163207472616e6720776562206b68c3b46e672063c3b32067c3ac206b68c3a163206e676fc3a0692074e1bbab2c206c69c3aa6e206be1babf742076c3a02068c3ac6e6820e1baa36e682e204b68c3b46e672063c3b32074c3ad6e68206c696e6820c491e1bb996e672c206b68c3b46e67207468c3ba2076e1bb8b2c206de1bb8d69207468e1bba920686fc3a06e20746fc3a06e206cc3a02074c4a96e682e20496e7465726e6574207068e1baa36920227469e1babf6e2068c3b361222e2056c3a020646f20c491c3b32c2076c3a06f206ec4836d20313939352c2074e1baa1692076c4836e207068c3b26e672063e1bba761204e657473636170652c204a61766153637269707420c491c3a320726120c491e1bb9d692e0a0a48e1bb936920c491c3b32c206375e1bb99632063e1baa16e68207472616e68206769e1bbaf6120686169207472c3ac6e6820647579e1bb8774206cc3a0204e6176696761746f722063e1bba761204e657473636170652076c3a020496e7465726e6574204578706c6f7265722063e1bba761204d6963726f736f6674206469e1bb856e2072612072e1baa57420717579e1babf74206c69e1bb87742e2043e1baa3206861692063c3b46e6720747920c491c3a3206e68c3ac6e207468e1baa579207469e1bb816d206ec4836e6720746f206ce1bb9b6e2063e1bba76120496e7465726e65742076c3a02063e1bb912067e1baaf6e6720c491e1bb832074e1baa16f207261207472c3ac6e6820647579e1bb8774207765622c206269e1babf6e206ec3b3207472e1bb9f207468c3a06e682078752068c6b0e1bb9b6e67206368e1bba720c491e1baa16f2e0a0a4e65747363617065206d75e1bb916e2074e1baa16f207261206de1bb9974206e67c3b46e206e67e1bbaf206ce1baad70207472c3ac6e682076e1bbab612064e1bb85206869e1bb837520c491e1bb91692076e1bb9b69206e68e1bbaf6e67206e67c6b0e1bb9d69206de1bb9b692062e1baaf7420c491e1baa7752c2076e1bbab612063686f207068c3a970206e68c3a0207068c3a17420747269e1bb836e2063c3b3207468e1bb83206b69e1bb836d20736fc3a174206e6869e1bb81752068c6a16e206e68e1bbaf6e672067c3ac2078e1baa3792072612074726f6e672063e1bbad612073e1bb95207472c3ac6e6820647579e1bb87742e0a0a4a617661536372697074207472e1bb9f207468c3a06e68206e67c3b46e206e67e1bbaf206ce1baad70207472c3ac6e680ac490c6b0e1bba363207068c3a17420747269e1bb836e2074726f6e67203130206e67c3a0792062e1bb9f69204272656e64616e204569636820286de1bab7632064c3b92072e1baa574206e67e1baaf6e206e67e1bba7692c206e68c6b06e672076e1bb8b206ec3a0792073617520c491c3b320c491c3a3207472e1bb9f207468c3a06e68206cc3a36e6820c491e1baa16f2063e1bba761204d6f7a696c6c61292c206ec3b32063686f207068c3a9702063c3a163206e68c3a0207068c3a17420747269e1bb836e207669e1babf7420636f6465207468656f206e6869e1bb8175206b69e1bb8375206b68c3a163206e686175202868c6b0e1bb9b6e67206368e1bba963206ec4836e672c2068c6b0e1bb9b6e67206de1bb876e68206ce1bb876e682076c3a02068c6b0e1bb9b6e6720c491e1bb91692074c6b0e1bba36e67292062e1bab16e67206de1bb9974206e67c3b46e206e67e1bbaf2067e1baa76e206769e1bb916e672076e1bb9b692063c3a163206e67c3b46e206e67e1bbaf207068e1bb95206269e1babf6e206b68c3a163206e67c3a079206e61792c206e68c6b0204a6176612c20432b2b2068617920432e0a0a4de1bab7632064c3b92063c3b32074c3aa6e2074c6b0c6a16e672074e1bbb12c206e68c6b06e672063e1baa76e207068e1baa369206e68e1baa56e206de1baa16e682072e1bab16e672c204a617661536372697074206b68c3b46e67206c69c3aa6e207175616e2067c3ac20c491e1babf6e206e67c3b46e206e67e1bbaf206ce1baad70207472c3ac6e68204a61766120c491c6b0e1bba363207068c3a17420747269e1bb836e2062e1bb9f692053756e204d6963726f73797374656d732e205468e1baad742076e1baad792c206ec3b32062616e20c491e1baa77520c491c6b0e1bba3632067e1bb8d69206cc3a0204c697665536372697074202874c3aa6e206ee1bb99692062e1bb99206cc3a0204d6f636861292c207472c6b0e1bb9b63206b686920c491c6b0e1bba36320c491e1bb95692074c3aa6e20c491e1bb832074e1baad6e2064e1bba56e672073e1bbb1207468c3a06e682063c3b46e672076c3a0207068e1bb95206269e1babf6e2063e1bba761204a6176612e0a0a43e1baa76e206cc6b07520c3bd2072e1bab16e672c204a617661536372697074206b68c3b46e67207068e1baa369206cc3a0206e67c3b46e206e67e1bbaf206ce1baad70207472c3ac6e682077656220c491e1baa775207469c3aa6e2e204de1bb9974207472c3ac6e6820647579e1bb877420776562207472c6b0e1bb9b6320c491c3a27920c491c6b0e1bba3632067e1bb8d69206cc3a02056696f6c615757572c206368e1bba961206de1bb9974206e67c3b46e206e67e1bbaf206be1bb8b63682062e1baa36e207468c3b42073c6a12076c3a0206cc3a0207469e1bb816e207468c3a26e2063e1bba761204353532e20547579206e6869c3aa6e2c206ec3b3206b68c3b46e672062616f206769e1bb9d2062e1baaf74206be1bb8b702076c3a0206e67c3b46e206e67e1bbaf206be1bb8b63682062e1baa36e2063e1bba761206ec3b3206b68c3b46e672062616f206769e1bb9d207468e1bbb1632073e1bbb1207472e1bb9f207468c3a06e68206de1bb9974207469c3aa7520636875e1baa96e2e0a0a4de1bb9974206ec4836d20736175206b6869204a61766153637269707420c491c6b0e1bba363207068c3a1742068c3a06e682c204d6963726f736f667420c491c3a32063687579e1bb836e206ec3b32073616e6720496e7465726e6574204578706c6f7265722e2054726f6e67206e68e1bbaf6e67206ec4836d207469e1babf70207468656f2c204a617661536372697074207472e1bb9f207468c3a06e68206de1bb9974207068e1baa76e20746869e1babf742079e1babf75206b68692078c3a2792064e1bbb16e67207765622076c3a0206ec3b320c491c6b0e1bba3632074c3ac6d207468e1baa579207472c3aa6e2068e1baa7752068e1babf742063c3a163207472616e67207765622c20c491c6b0e1bba3632068e1bb97207472e1bba32062e1bb9f692068e1baa7752068e1babf742063c3a163207472c3ac6e6820647579e1bb8774207765622e0a0a4a6176615363726970742063c5a96e67207468c3a06e682063c3b46e672068c6a16e206ee1bbaf61206b6869207472e1bb9f207468c3a06e68206e67c3b46e206e67e1bbaf2063686f207669e1bb8763207068c3a17420747269e1bb836e207472616e67207765622c20e1bba96e672064e1bba56e672076c3a020c49169e1bb876e2074686fe1baa1692e204368c3ba6e672074612073e1babd206ec3b3692076e1bb8120c49169e1bb8175206ec3a079207361752c207472c6b0e1bb9b632068e1babf742073e1babd20c491692078656d2078c3a974206de1bb99742074726f6e67206e68e1bbaf6e672064e1bbb120c3a16e20576562204a617661536372697074207175616e207472e1bb8d6e67206e68e1baa574206cc3a0206a51756572792e0a0a4a51756572790a4a61766153637269707420c491c6b0e1bba3632078c3a2792064e1bbb16e672076e1bb9b69206de1bba56320c491c3ad6368206b68c3b46e67206cc3a06d206b68c3b3206e68e1bbaf6e67206ce1baad70207472c3ac6e68207669c3aa6e206b68c3b46e672063687579c3aa6e2e204e68c6b06e672064c3b92076e1baad792c206ec3b32076e1baab6e20c49169206bc3a86d2076e1bb9b69206e68e1bbaf6e67207468c3a16368207468e1bba963206e68e1baa57420c491e1bb8b6e682064c3a06e682063686f206e68e1bbaf6e67206ce1baad70207472c3ac6e68207669c3aa6e206e68c3a0206e6768e1bb812e0a0a43c3b3206ce1babd2076e1baa56e20c491e1bb81206ce1bb9b6e206e68e1baa574206cc3a02062e1baa36e206368e1baa57420c49161206ee1bb816e2074e1baa36e672063e1bba761207765622e2043c3b32076c3b42073e1bb912063c3a163207472c3ac6e6820647579e1bb877420c491c6b0e1bba3632073e1bbad2064e1bba56e67206e68c6b0204368726f6d652c2046697265666f782c20496e7465726e6574204578706c6f7265722c204f706572612c205361666172692c2e2e2e204de1bb97692063c3a169207468c3b46e672064e1bb8b6368204a617661536372697074207468656f206e68e1bbaf6e672063c3a16368207468e1bba963206b68c3a163206e6861752076c3a02063c3b3206de1bba96320c491e1bb992068e1bb97207472e1bba3206b68c3a163206e68617520c491e1bb91692076e1bb9b692063c3a1632074c3ad6e68206ec4836e67206e68e1baa57420c491e1bb8b6e682063e1bba761206e67c3b46e206e67e1bbaf206ce1baad70207472c3ac6e682e0a0ac49069e1bb8175206ec3a0792063c3b3206e6768c4a961206cc3a02063c3a163206e68c3a0207068c3a17420747269e1bb836e207068e1baa369207669e1babf7420636f6465207068e1bba9632074e1baa1702068c6a16e206e6869e1bb8175206368e1bb8920c491e1bb8320c491e1baa36d2062e1baa36f207472616e67207765622063e1bba7612068e1bb8d20686fe1baa17420c491e1bb996e67207472c3aa6e2074e1baa5742063e1baa32063c3a16320706869c3aa6e2062e1baa36e2063e1bba7612074e1baa5742063e1baa32063c3a163207472c3ac6e6820647579e1bb8774207068e1bb95206269e1babf6e2e0a0ac490c3b3206cc3a0206cc3bd20646f206dc3a0206a517565727920726120c491e1bb9d692e0a0ac490c6b0e1bba363206769e1bb9b6920746869e1bb87752076c3a06f206ec4836d20323030362062e1bb9f69204a6f686e2052657369672c204a517565727920c491c3a3206cc3a06d207468617920c491e1bb95692063c6a12062e1baa36e2063c3a16368206de1bb8d69206e67c6b0e1bb9d69207669e1babf7420636f6465204a6176617363726970742062e1bab16e672063c3a1636820636875e1baa96e2068c3b3612076c3a020c491c6a16e206769e1baa36e2068c3b3612063c3a1632074c6b0c6a16e672074c3a1632c206869e1bb877520e1bba96e6720c491e1bb996e67207472c3aa6e207472c3ac6e6820647579e1bb87742e204ce1baa76e20c491e1baa775207469c3aa6e2c2063c3a163206e68c3a0207068c3a17420747269e1bb836e2063c3b3207468e1bb83207669e1babf7420636f6465206de1bb9974206ce1baa76e2076c3a02063c3b3207068c6b0c6a16e67207068c3a170206368e1baaf63206368e1baaf6e20c491e1bb83206ec3b32073e1babd206cc3a06d207669e1bb8763207472c3aa6e2074e1baa5742063e1baa32063c3a163207472c3ac6e6820647579e1bb87742e0a0ac490e1bab763206269e1bb87742c206a51756572792063c3b26e206769c3ba7020c491c6a16e206769e1baa36e2068c3b361207669e1bb8763207669e1babf7420636f6465204a6176615363726970742062e1bab16e672063c3a163682074686179207468e1babf2063c3a163206b68c3ad612063e1baa16e682062e1baa574207469e1bb876e2c2064c3a0692064c3b26e672076c3a0206e677579c3aa6e2062e1baa36e2063e1bba761204a6176615363726970742062e1bab16e67206de1bb99742063c3a1692067c3ac20c491c3b32074696e682074e1babf2076c3a0207468616e68206ce1bb8b63682068c6a16e2e0a0a4e6f64652e6a730a4a6176615363726970742063c3b3207468e1bb83207068c3a17420747269e1bb836e2062c3aa6e206e676fc3a069207472c3ac6e6820647579e1bb8774207765622c2062e1bab16e67206368e1bba96e67206368c3ad6e68206cc3a0204e6f64652e6a732e0a0ac490c6b0e1bba363206b68e1bb9f692074e1baa16f2076c3a06f206ec4836d20323030392c204e6f64652e6a73206cc3a0206de1bb99742062e1bb992063c3b46e672063e1bba5206d69e1bb856e207068c3ad2c206dc3a3206e6775e1bb936e206de1bb9f2c20c49161206ee1bb816e2074e1baa36e672063686f207669e1bb87632074e1baa16f207261206e68e1bbaf6e6720e1bba96e672064e1bba56e67206c69c3aa6e207175616e20c491e1babf6e206dc3a179206368e1bba72c2063c3b3206869e1bb8775207375e1baa5742063616f2c206368e1bab36e672068e1baa16e206e68c6b020e1bba96e672064e1bba56e672076c3a0206dc3a179206368e1bba7207765622e2054726f6e67206e68e1bbaf6e67206ec4836d2073617520c491c3b32c206ec3b320c491c3a320c491c6b0e1bba3632068c3a06e67206e67c3a06e206e68c3a0206ce1baad70207472c3ac6e682c2063c3b46e67207479206368e1baa570206e68e1baad6e2c2062616f2067e1bb936d2063e1baa32047726f75706f6e2c204c696e6b6564496e2076c3a02050617950616c2e0a0ac49069e1bb8175206cc3a06d2063686f204e6f64652e6a73207472e1bb9f206ec3aa6e20c491e1bab763206269e1bb8774206368c3ad6e68206cc3a02074e1bb916320c491e1bb992063e1bba761206ec3b32076c3a02063e1bb996e6720c491e1bb936e672063c3a163206e68c3a0207068c3a17420747269e1bb836e2072e1bb996e67206ce1bb9b6e2c206e68e1bbaf6e67206e67c6b0e1bb9d692074e1baa16f206ec3aa6e20636f64652076c3a0206dc3b42dc491756e2e0a0ac490e1bab16e6720736175204e6f64652e6a73206368c3ad6e68206cc3a020656e67696e6520476f6f676c652056382c2063c5a96e67206cc3a02073e1bba963206de1baa16e682063e1bba761207472c3ac6e6820647579e1bb877420476f6f676c65204368726f6d652e20c490c3a279206cc3a0206de1bb99742074726f6e67206e68e1bbaf6e672079e1babf752074e1bb91207468c3ba6320c491e1baa9792073e1bbb1207468c3a06e682063c3b46e672063e1bba761204e6f64652e6a732c2076c3ac206ec3b32063686f207068c3a970207468c3b46e672064e1bb8b636820636f6465204a6176615363726970742076e1bb9b692074e1bb916320c491e1bb99206368c3b36e67206de1bab7742e0a0a4e676fc3a0692072612063c3b26e2063c3b32068c3a06e67206e67c3a06e206dc3b42dc491756e204e6f64652e6a7320c491c6b0e1bba3632074e1baa16f2072612074e1bbab2063e1bb996e6720c491e1bb936e672063c3a163206e68c3a0207068c3a17420747269e1bb836e2c206769c3ba70206de1bb9f2072e1bb996e67206368e1bba963206ec4836e672063e1bba761204e6f64652e6a732e204e68e1bbaf6e672067c3b369206dc3b42dc491756e206ec3a07920c491c6b0e1bba363207068c3a26e207068e1bb91692062e1bb9f69204e504d20686fe1bab763204e6f6465205061636b616765204d616e616765722e20c490c3a279206cc3a0206de1bb997420e1bba96e672064e1bba56e672063c3b3206769616f206469e1bb876e2064c3b26e67206ce1bb876e682c206d69e1bb856e207068c3ad2c20c491c6b0e1bba363206be1babf742068e1bba37020686fc3a06e2068e1baa36f2076e1bb9b692072756e74696d652063e1bba761204e6f64652e6a732c2063686f207068c3a9702062e1baa16e2074c3ad63682068e1bba3702063c3a163207468c6b0207669e1bb876e204a6176615363726970742063e1bba7612062c3aa6e207468e1bba92062612076c3a06f20636f64652063e1bba761206dc3ac6e682e0a0a4e6f64652e6a732063c5a96e672063c3b3207468e1bb8320c491c6b0e1bba3632073e1bbad2064756a6e676e2076e1bb9b692063c3a1632064e1bbb120c3a16e20496e7465726e657374206f66205468696e6773732076e1bb9b692054657373656c2c206de1bb99742062e1baa36e67206769e1bb916e67206e68c6b02041726475696e6f2c206368e1baa179207472c3aa6e204a6176615363726970742e0a0a5068c3a17420747269e1bb836e20e1bba96e672064e1bba56e672063686f20c49169e1bb876e2074686fe1baa16920646920c491e1bb996e670ae1bba86e672064e1bba56e672063686f20746869e1babf742062e1bb8b20646920c491e1bb996e67206cc3a0206de1bb9974207468e1bb8b207472c6b0e1bb9d6e672062c3a96f2062e1bb9f2e204368e1bb892063e1baa76e206e68c3ac6e2076c3a06f204e69636b204427416c6f6973696f2c206e67c6b0e1bb9d692074e1baa16f20726120e1bba96e672064e1bba56e672053756d6d6c792076c3a020c491c6b0e1bba363205961686f6f206d7561206ce1baa1692076e1bb9b69206769c3a120333020747269e1bb877520555344206b68692063e1baad7520e1baa579206368e1bb89206de1bb9b69203137207475e1bb95692e20486179206e68c6b020526f76696f2c2076e1bb9b69207472c3b2206368c6a16920416e67727920426972647320c491c3a32074e1baa16f207261206de1bb9974207468c6b0c6a16e67206869e1bb8775207472e1bb8b206769c3a1206e6869e1bb817520747269e1bb8775205553442c2e2e2e0a0a4ee1babf752062e1baa16e2063c3b320c3bd2074c6b0e1bb9f6e6720747579e1bb87742076e1bb9d69206ec3a06f2076e1bb8120e1bba96e672064e1bba56e6720646920c491e1bb996e672068c3a3792079c3aa6e2074c3a26d2072e1bab16e672063c3b3207468e1bb832074e1baa16f207261206ec3b32062e1bab16e67204a6176615363726970742e0a0a416e64726f69642c20694f532c20426c61636b62657272792c2057696e646f77732050686f6e6520c491e1bb81752068e1bb97207472e1bba32078c3a2792064e1bbb16e6720e1bba96e672064e1bba56e672067e1bb91632062e1bab16e67204a6176615363726970742c2063c3b3207468e1bb8320c491c6b0e1bba363207068c3a26e207068e1bb9169207472c3aa6e2063c3a1632063e1bbad612068c3a06e6720e1bba96e672064e1bba56e67206368c3ad6e68207468e1bba9632063e1bba7612074e1bbab6e672068e1bb8720c49169e1bb81752068c3a06e682c206769e1bb916e67206e68c6b02062e1baa5742063e1bba9207468e1bba92067c3ac20c491c6b0e1bba3632078c3a2792064e1bbb16e672062e1bab16e67204a6176612063686f20416e64726f696420686fe1bab7632053776966742063686f20694f532e0a0a43c3a16320e1bba96e672064e1bba56e6720646920c491e1bb996e6720c491c6b0e1bba363207669e1babf742062e1bab16e67204a617661536372697074206ec3b369206368756e672064e1bb85207068c3a17420747269e1bb836e2068c6a16e2076c3a02063c3b3207468e1bb8320c491c3a16e682062e1baa1692063c3a16320e1bba96e672064e1bba56e672067e1bb916320286e61746976652061707029206e68e1bb9d2076c3a06f206368e1bb892073e1bb91206869e1bb8775207375e1baa5742e0a0a4e68c6b06e67207468c6b0e1bb9d6e67207468c3ac2c2074726f6e67207468e1babf206769e1bb9b69204a6176615363726970742c2063c3b3206e68e1bbaf6e67206ce1bbb161206368e1bb8d6e2074686179207468e1babf2063e1bba7612062c3aa6e207468e1bba9206261206769c3ba702063686f207669e1bb8763207669e1babf7420e1bba96e672064e1bba56e6720646920c491e1bb996e67206e68616e682076c3a02064e1bb852064c3a06e672068c6a16e206e6869e1bb81752e204368c3ba6e672062616f2067e1bb936d2050686f6e654761702c20546974616e69756d2c2053656e6368612c20496f6e69632c2074e1baa5742063e1baa320c491e1bb81752063686f207068c3a970207669e1babf7420e1bba96e672064e1bba56e67206de1bb9974206ce1baa76e2076c3a020c491e1baa36d2062e1baa36f206ec3b32073e1babd20686fe1baa17420c491e1bb996e67207472c3aa6e206e6869e1bb8175206ee1bb816e2074e1baa36e6720646920c491e1bb996e67206b68c3a163206e6861752e\'','NULL');

INSERT INTO teachers(id,name,avatar,category_id) VALUES('1','\'Lê Phi Hùng\'','NULL','10'),('2','\'Huỳnh Ngọc Thanh\'','\'/static/imgs/teachers/teacher_1.webp\'','1'),('3','\'Nguyễn Quang Duy\'','\'/static/imgs/teachers/3.webp\'','5');

INSERT INTO thumbnails(id,img,course_id) VALUES('552','\'/static/imgs/courses/2-82303690-dab8-4e62-9fac-dc368103d37d.webp\'','53'),('555','\'/static/imgs/courses/course_3.webp\'','3'),('556','\'/static/imgs/courses/course_5.png\'','4'),('557','\'/static/imgs/courses/course_6.jepg\'','5'),('558','\'/static/imgs/courses/course_7.png\'','6'),('559','\'/static/imgs/courses/R.jpg\'','47'),('560','\'/static/imgs/courses/R (1).jpg\'','48'),('561','\'/static/imgs/courses/OIP.jpg\'','49'),('562','\'/static/imgs/courses/OIP (1).jpg\'','50'),('563','\'/static/imgs/courses/maxresdefault.jpg\'','51'),('564','\'/static/imgs/courses/2-82303690-dab8-4e62-9fac-dc368103d37d.webp\'','52'),('565','\'/static/imgs/courses/course_1.webp\'','1'),('569','\'/static/imgs/courses/course_2.webp\'','2');

INSERT INTO users(id,username,password,created_at,updated_at,first_name,last_name,phone,login_type,avatar,email_verified) VALUES('71','\'thangloitran406@gmail.com\'','X\'32316566343837643238663432636166623034326337323338616566666465646131303039376663393961663830386432343864646433303662313036366536\'','NULL','NULL','\'Trần\'','\'Thắng Lợi\'','\'0879603547\'','\'normal\'','NULL','1');